lat,lon,category,date,city_name,town_name
37.729969,139.072494,軽傷,2023-08-20 07:36,新潟市秋葉区,新潟市秋葉区天ケ沢
37.900119,139.108236,軽傷,2023-08-20 18:44,新潟市東区,新潟市東区東中野山
37.907350,139.085217,軽傷,2023-08-21 06:43,新潟市東区,新潟市東区紫竹卸新町
37.921397,139.127772,軽傷,2023-08-22 19:01,新潟市東区,新潟市東区石動
37.854700,139.024806,軽傷,2023-08-24 14:00,新潟市江南区,新潟市江南区天野１丁目
37.921047,139.079575,軽傷,2023-08-24 14:00,新潟市東区,新潟市東区山木戸
37.921828,139.082836,軽傷,2023-08-24 15:04,新潟市東区,新潟市東区山木戸８丁目
37.869125,139.095306,軽傷,2023-08-24 15:30,新潟市江南区,新潟市江南区亀田四ツ興野２丁目
37.948231,139.099814,重傷,2023-08-26 11:35,新潟市東区,新潟市東区空港西２丁目
37.916847,139.089464,軽傷,2023-08-28 15:33,新潟市東区,新潟市東区牡丹山
37.900164,139.103783,軽傷,2023-08-29 13:54,新潟市東区,新潟市東区中野山５丁目
37.839781,139.113342,軽傷,2023-08-29 16:40,新潟市秋葉区,新潟市秋葉区中野
37.805969,139.131525,軽傷,2023-08-30 07:57,新潟市秋葉区,新潟市秋葉区古田ノ内大野開
37.870947,139.091669,軽傷,2023-08-30 13:33,新潟市江南区,新潟市江南区鵜ノ子２丁目
37.866461,139.104842,軽傷,2023-08-31 18:17,新潟市江南区,新潟市江南区元町３丁目
37.856453,139.094664,軽傷,2023-09-02 12:48,新潟市江南区,新潟市江南区茅野山３丁目
37.923211,139.103856,軽傷,2023-09-02 17:02,新潟市東区,新潟市東区上木戸
37.773519,139.104569,軽傷,2023-09-02 23:50,新潟市秋葉区,新潟市秋葉区古津字北郷
37.902192,139.075650,軽傷,2023-09-04 12:22,新潟市東区,新潟市東区紫竹５丁目
37.913794,139.085100,軽傷,2023-09-04 15:45,新潟市東区,新潟市東区中山７丁目
37.888739,139.117919,軽傷,2023-09-05 18:36,新潟市江南区,新潟市江南区茗荷谷
37.840717,139.095872,軽傷,2023-09-06 09:10,新潟市江南区,新潟市江南区割野字沼
37.845900,139.030297,軽傷,2023-09-06 17:53,新潟市江南区,新潟市江南区天野
37.911967,139.080278,軽傷,2023-09-08 10:44,新潟市東区,新潟市中央区本馬越２丁目
37.841069,139.147556,軽傷,2023-09-08 21:30,新潟市江南区,新潟市江南区木津
37.850656,139.121289,軽傷,2023-09-09 10:51,新潟市江南区,新潟市江南区二本木
37.817014,139.066461,軽傷,2023-09-10 14:23,新潟市秋葉区,新潟市秋葉区覚路津三枚潟
37.946214,139.097806,軽傷,2023-09-10 20:25,新潟市東区,新潟市東区物見山３丁目
37.812919,139.112753,軽傷,2023-09-12 10:37,新潟市秋葉区,新潟市秋葉区北上新田
37.921647,139.132628,軽傷,2023-09-13 18:35,新潟市東区,新潟市東区柳ケ丘
37.738431,139.090600,死亡,2023-09-15 10:04,新潟市秋葉区,新潟市秋葉区天ケ沢
37.931889,139.090067,軽傷,2023-09-15 11:43,新潟市東区,新潟市東区鴎島町
37.852261,139.037550,軽傷,2023-09-16 12:00,新潟市江南区,新潟市江南区天野
37.910131,139.124442,死亡,2023-09-20 09:10,新潟市東区,新潟市東区新岡山２丁目
37.939294,139.103281,軽傷,2023-09-21 16:18,新潟市東区,新潟市東区有楽１丁目
37.794519,139.105897,軽傷,2023-09-28 08:40,新潟市秋葉区,新潟市秋葉区古田
37.803939,139.130600,軽傷,2023-09-28 17:35,新潟市秋葉区,新潟市秋葉区新町３丁目
37.806661,139.115317,軽傷,2023-09-28 19:23,新潟市秋葉区,新潟市秋葉区善道
37.913758,139.095044,軽傷,2023-09-29 11:29,新潟市東区,新潟市東区竹尾３丁目
37.869144,139.087758,軽傷,2023-09-29 12:35,新潟市江南区,新潟市江南区東早通１丁目
37.816206,139.083925,軽傷,2023-09-30 12:20,新潟市秋葉区,新潟市秋葉区北潟字川根
37.780367,139.120319,軽傷,2023-10-02 12:28,新潟市秋葉区,新潟市秋葉区中村
37.915322,139.096025,軽傷,2023-10-03 12:42,新潟市東区,新潟市東区竹尾３丁目
37.946631,139.092381,軽傷,2023-10-04 10:47,新潟市東区,新潟市東区空港西１丁目
37.750883,139.087406,軽傷,2023-10-04 13:45,新潟市秋葉区,新潟市秋葉区矢代田字舟戸
37.833100,139.105547,軽傷,2023-10-04 19:42,新潟市秋葉区,新潟市秋葉区車場５丁目
37.907167,139.085211,軽傷,2023-10-05 17:26,新潟市東区,新潟市東区紫竹卸新町
37.911100,139.123261,軽傷,2023-10-06 17:45,新潟市東区,新潟市東区岡山
37.874028,139.099842,重傷,2023-10-07 13:40,新潟市江南区,新潟市江南区五月町１丁目
37.889631,139.142686,軽傷,2023-10-08 08:35,新潟市江南区,新潟市江南区直り山
37.860619,139.128700,軽傷,2023-10-08 15:45,新潟市江南区,新潟市江南区砂岡５丁目
37.908944,139.097658,軽傷,2023-10-10 12:03,新潟市東区,新潟市東区竹尾
37.922578,139.099686,重傷,2023-10-10 17:49,新潟市東区,新潟市東区上木戸３丁目
37.804883,139.102017,軽傷,2023-10-10 19:11,新潟市秋葉区,新潟市秋葉区大鹿
37.752886,139.089014,軽傷,2023-10-11 07:30,新潟市秋葉区,新潟市秋葉区矢代田
37.825519,139.106828,軽傷,2023-10-11 15:05,新潟市秋葉区,新潟市秋葉区結
37.900106,139.098358,重傷,2023-10-12 09:25,新潟市東区,新潟市東区石山６丁目
37.917761,139.100533,重傷,2023-10-13 20:08,新潟市東区,新潟市東区上木戸４丁目
37.913953,139.102878,軽傷,2023-10-14 09:24,新潟市東区,新潟市東区はなみずき３丁目
37.904494,139.075211,軽傷,2023-10-14 19:35,新潟市東区,新潟市東区紫竹５丁目
37.936642,139.128033,軽傷,2023-10-16 17:05,新潟市東区,新潟市東区海老ケ瀬
37.924753,139.094011,軽傷,2023-10-19 10:10,新潟市東区,新潟市東区下木戸２丁目
37.905358,139.093311,軽傷,2023-10-19 12:12,新潟市東区,新潟市東区卸新町３丁目
37.917772,139.092603,重傷,2023-10-19 17:17,新潟市東区,新潟市東区牡丹山１丁目
37.912169,139.098350,軽傷,2023-10-21 10:58,新潟市東区,新潟市東区竹尾
37.875117,139.084739,軽傷,2023-10-21 16:18,新潟市江南区,新潟市江南区亀田工業団地３丁目
37.915428,139.086111,軽傷,2023-10-21 18:34,新潟市東区,新潟市東区中山６丁目
37.803361,139.102531,重傷,2023-10-22 21:40,新潟市秋葉区,新潟市秋葉区大鹿
37.869528,139.121472,死亡,2023-10-24 08:55,新潟市江南区,新潟市江南区亀田水道町４丁目
37.816222,139.083858,軽傷,2023-10-24 14:30,新潟市秋葉区,新潟市秋葉区北潟字川根
37.921658,139.134492,軽傷,2023-10-24 16:05,新潟市東区,新潟市東区中興野
37.787528,139.073475,重傷,2023-10-24 16:26,新潟市秋葉区,新潟市秋葉区出戸
37.944467,139.113492,軽傷,2023-10-27 10:55,新潟市東区,新潟市東区太平３丁目
37.869272,139.137467,軽傷,2023-10-27 18:41,新潟市江南区,新潟市江南区横越
37.901092,139.107231,軽傷,2023-10-27 18:45,新潟市東区,新潟市東区中野山
37.945661,139.094308,軽傷,2023-10-28 02:31,新潟市東区,新潟市東区浜谷町２丁目
37.853264,139.053692,軽傷,2023-10-28 15:47,新潟市江南区,新潟市江南区嘉木
37.881200,139.103300,軽傷,2023-10-30 18:38,新潟市江南区,新潟市江南区亀田大月２丁目
37.946303,139.109203,軽傷,2023-11-01 10:18,新潟市東区,新潟市東区太平３丁目
37.849239,139.112308,軽傷,2023-11-01 17:23,新潟市江南区,新潟市江南区二本木４丁目
37.915531,139.086056,軽傷,2023-11-01 17:37,新潟市東区,新潟市東区中山４丁目
37.868897,139.094628,軽傷,2023-11-02 10:43,新潟市江南区,新潟市江南区早苗３丁目
37.856719,139.146086,軽傷,2023-11-02 15:15,新潟市江南区,新潟市江南区横越中央２丁目
37.936375,139.087492,軽傷,2023-11-02 17:34,新潟市東区,新潟市東区上王瀬町
37.830003,139.114492,軽傷,2023-11-04 18:05,新潟市秋葉区,新潟市秋葉区田島
37.916397,139.088758,軽傷,2023-11-06 11:28,新潟市東区,新潟市東区中山４丁目
37.929497,139.116419,軽傷,2023-11-06 13:45,新潟市東区,新潟市東区新松崎１丁目
37.923075,139.129581,軽傷,2023-11-07 13:27,新潟市東区,新潟市東区海老ケ瀬
37.842042,139.120639,軽傷,2023-11-07 16:13,新潟市江南区,新潟市江南区二本木１丁目
37.933753,139.114172,軽傷,2023-11-07 16:40,新潟市東区,新潟市東区松崎
37.807783,139.150061,軽傷,2023-11-07 17:30,新潟市秋葉区,新潟市秋葉区中新田
37.935683,139.076258,軽傷,2023-11-07 21:52,新潟市東区,新潟市東区長者町
37.934508,139.077028,軽傷,2023-11-09 18:57,新潟市東区,新潟市東区大山１丁目
37.875417,139.116550,軽傷,2023-11-10 07:00,新潟市江南区,新潟市江南区北山
37.820356,139.099000,軽傷,2023-11-11 16:58,新潟市秋葉区,新潟市秋葉区福島
37.907378,139.075825,重傷,2023-11-13 00:54,新潟市東区,新潟市東区紫竹３丁目
37.942567,139.133828,軽傷,2023-11-14 21:27,新潟市東区,新潟市東区津島屋３丁目
37.870125,139.082325,重傷,2023-11-15 04:42,新潟市江南区,新潟市江南区亀田工業団地１丁目
37.753083,139.098283,重傷,2023-11-17 07:45,新潟市秋葉区,新潟市秋葉区矢代田
37.923811,139.092353,軽傷,2023-11-17 21:55,新潟市東区,新潟市東区牡丹山３丁目
37.905072,139.081136,軽傷,2023-11-18 09:53,新潟市東区,新潟市東区江南４丁目
37.836775,139.072519,重傷,2023-11-20 16:58,新潟市江南区,新潟市江南区酒屋町
37.946236,139.097961,軽傷,2023-11-20 20:00,新潟市東区,新潟市東区浜谷町２丁目
37.803192,139.102578,軽傷,2023-11-22 18:20,新潟市秋葉区,新潟市秋葉区大鹿
37.940275,139.079533,軽傷,2023-11-24 17:38,新潟市東区,新潟市東区秋葉１丁目
37.928444,139.099206,重傷,2023-11-24 19:33,新潟市東区,新潟市東区中木戸
37.934519,139.077025,軽傷,2023-11-25 08:34,新潟市東区,新潟市東区大山１丁目
37.853267,139.053669,重傷,2023-11-26 12:20,新潟市江南区,新潟市江南区嘉木
37.913031,139.097472,軽傷,2023-11-26 14:44,新潟市東区,新潟市東区竹尾４丁目
37.801681,139.103181,軽傷,2023-11-26 15:35,新潟市秋葉区,新潟市秋葉区大鹿
37.885125,139.135708,軽傷,2023-11-26 22:28,新潟市江南区,新潟市江南区西山
37.870764,139.091328,軽傷,2023-11-27 09:57,新潟市江南区,新潟市江南区早苗２丁目
37.908956,139.102297,軽傷,2023-11-27 10:48,新潟市東区,新潟市東区下場
37.803167,139.102569,軽傷,2023-11-27 16:42,新潟市秋葉区,新潟市秋葉区大鹿
37.861175,139.062589,軽傷,2023-11-28 16:05,新潟市江南区,新潟市江南区丸潟新田
37.938975,139.123342,軽傷,2023-11-29 07:06,新潟市東区,新潟市東区津島屋７丁目
37.919953,139.117192,軽傷,2023-11-29 17:20,新潟市東区,新潟市東区逢谷内３丁目
37.807264,139.126431,軽傷,2023-11-30 13:50,新潟市秋葉区,新潟市秋葉区下興野町
37.871756,139.096633,軽傷,2023-11-30 15:11,新潟市江南区,新潟市江南区亀田四ツ興野１丁目
37.883289,139.102186,重傷,2023-12-01 17:04,新潟市江南区,新潟市江南区亀田大月２丁目
37.898692,139.095550,重傷,2023-12-01 17:10,新潟市東区,新潟市東区石山６丁目
37.909139,139.090781,軽傷,2023-12-05 13:47,新潟市東区,新潟市東区竹尾１丁目
37.919608,139.115300,重傷,2023-12-06 20:15,新潟市東区,新潟市東区逢谷内２丁目
37.865022,139.075103,軽傷,2023-12-07 09:14,新潟市江南区,新潟市江南区亀田早通
37.936281,139.088814,軽傷,2023-12-07 16:52,新潟市東区,新潟市東区上王瀬町
37.870647,139.109933,重傷,2023-12-09 18:30,新潟市江南区,新潟市江南区東本町４丁目
37.855647,139.127667,重傷,2023-12-09 22:10,新潟市江南区,新潟市江南区横越
37.900294,139.080467,重傷,2023-12-12 06:00,新潟市東区,新潟市東区江南２丁目
37.900994,139.082039,重傷,2023-12-12 19:25,新潟市東区,新潟市東区江南３丁目
37.911811,139.088331,軽傷,2023-12-14 09:40,新潟市東区,新潟市東区竹尾２丁目
37.917864,139.094458,軽傷,2023-12-14 18:59,新潟市東区,新潟市東区牡丹山１丁目
37.870281,139.082117,軽傷,2023-12-15 13:54,新潟市江南区,新潟市江南区亀田工業団地１丁目
37.793272,139.114344,軽傷,2023-12-15 16:30,新潟市秋葉区,新潟市秋葉区新津
37.940750,139.113800,軽傷,2023-12-15 20:51,新潟市東区,新潟市東区有楽３丁目
37.877872,139.083378,軽傷,2023-12-17 12:36,新潟市江南区,新潟市江南区鵜ノ子
37.847386,139.029172,重傷,2023-12-19 16:51,新潟市江南区,新潟市江南区天野
37.847722,139.028950,重傷,2023-12-19 16:52,新潟市江南区,新潟市江南区天野
37.939886,139.107408,重傷,2023-12-20 12:20,新潟市東区,新潟市東区向陽２丁目
37.866556,139.089219,重傷,2023-12-20 17:16,新潟市江南区,新潟市江南区泥潟
37.899744,139.108561,軽傷,2023-12-22 08:36,新潟市東区,新潟市東区東中野山１丁目
37.935950,139.092689,軽傷,2023-12-22 13:12,新潟市東区,新潟市東区藤見町１丁目
37.738878,139.078392,軽傷,2023-12-22 17:50,新潟市秋葉区,新潟市秋葉区横川浜
37.876875,139.078433,軽傷,2023-12-23 21:15,新潟市江南区,新潟市江南区下早通柳田１丁目
37.759881,139.070017,軽傷,2023-12-24 13:00,新潟市秋葉区,新潟市秋葉区小須戸
37.906258,139.109906,軽傷,2023-12-24 17:18,新潟市東区,新潟市東区石山団地
37.794217,139.111653,軽傷,2023-12-29 14:50,新潟市秋葉区,新潟市秋葉区古田１丁目
37.779122,139.115486,軽傷,2023-12-29 18:39,新潟市秋葉区,新潟市秋葉区西島
37.933775,139.122406,軽傷,2023-12-30 12:25,新潟市東区,新潟市東区海老ケ瀬
37.777597,139.118478,軽傷,2023-12-31 15:13,新潟市秋葉区,新潟市秋葉区東島
37.941569,139.097242,重傷,2024-01-01 19:18,新潟市東区,新潟市東区物見山４丁目
37.919036,139.120931,軽傷,2024-01-02 09:24,新潟市東区,新潟市東区大形本町
37.777028,139.124383,重傷,2024-01-04 03:38,新潟市秋葉区,新潟市秋葉区東島
37.912225,139.097456,軽傷,2024-01-04 15:31,新潟市東区,新潟市東区竹尾１丁目
37.828614,139.114189,軽傷,2024-01-04 15:32,新潟市秋葉区,新潟市秋葉区田島
37.915317,139.084175,軽傷,2024-01-07 11:50,新潟市東区,新潟市東区中山５丁目
37.914647,139.080633,軽傷,2024-01-08 14:08,新潟市東区,新潟市東区中山５丁目
37.875289,139.103453,軽傷,2024-01-10 17:31,新潟市江南区,新潟市江南区西町３丁目
37.938814,139.084697,軽傷,2024-01-12 06:40,新潟市東区,新潟市東区秋葉１丁目
37.797603,139.148758,軽傷,2024-01-13 08:10,新潟市秋葉区,新潟市秋葉区東金沢
37.912717,139.099694,軽傷,2024-01-13 17:50,新潟市東区,新潟市東区竹尾
37.856681,139.052511,軽傷,2024-01-15 17:21,新潟市江南区,新潟市江南区丸潟新田
37.952228,139.088817,軽傷,2024-01-16 08:22,新潟市東区,新潟市東区平和町
37.858661,139.114783,軽傷,2024-01-16 08:27,新潟市江南区,新潟市江南区曙町２丁目
37.932064,139.073272,軽傷,2024-01-17 15:55,新潟市東区,新潟市東区松島２丁目
37.839011,139.133489,軽傷,2024-01-18 06:48,新潟市江南区,新潟市江南区木津工業団地
37.898239,139.083214,軽傷,2024-01-18 12:32,新潟市東区,新潟市東区東明１丁目
37.870331,139.089978,軽傷,2024-01-19 12:00,新潟市江南区,新潟市江南区鵜ノ子４丁目
37.923989,139.092314,軽傷,2024-01-20 14:47,新潟市東区,新潟市東区下木戸１丁目
37.936464,139.136839,軽傷,2024-01-21 16:25,新潟市東区,新潟市東区津島屋１丁目
37.867914,139.083153,軽傷,2024-01-22 09:46,新潟市江南区,新潟市江南区東早通４丁目
37.757289,139.067781,軽傷,2024-01-22 17:30,新潟市秋葉区,新潟市秋葉区小須戸
37.934697,139.131031,軽傷,2024-01-22 18:07,新潟市東区,新潟市東区津島屋８丁目
37.843103,139.116475,軽傷,2024-01-25 07:38,新潟市江南区,新潟市江南区二本木１丁目
37.921044,139.116281,軽傷,2024-01-25 08:40,新潟市東区,新潟市東区逢谷内２丁目
37.852883,139.112808,軽傷,2024-01-29 11:25,新潟市江南区,新潟市江南区城所
37.909056,139.100161,軽傷,2024-01-31 14:10,新潟市東区,新潟市東区竹尾
37.925222,139.123908,軽傷,2024-02-01 13:24,新潟市東区,新潟市東区海老ケ瀬
37.805917,139.113439,軽傷,2024-02-02 14:19,新潟市秋葉区,新潟市秋葉区新津
37.925100,139.098319,軽傷,2024-02-02 23:57,新潟市東区,新潟市東区上木戸１丁目
37.919558,139.093483,軽傷,2024-02-05 10:25,新潟市東区,新潟市東区牡丹山
37.855661,139.130228,軽傷,2024-02-06 09:45,新潟市江南区,新潟市江南区横越字上郷
37.921944,139.100067,軽傷,2024-02-07 07:33,新潟市東区,新潟市東区上木戸３丁目
37.868200,139.110408,軽傷,2024-02-07 16:00,新潟市江南区,新潟市江南区亀田新明町
37.867656,139.027336,重傷,2024-02-09 11:56,新潟市江南区,新潟市江南区祖父興野
37.854556,139.036553,軽傷,2024-02-09 18:17,新潟市江南区,新潟市江南区天野３丁目
37.894581,139.145558,重傷,2024-02-10 06:16,新潟市江南区,新潟市江南区大渕
37.923278,139.099319,軽傷,2024-02-13 08:15,新潟市東区,新潟市東区上木戸１丁目
37.926694,139.104236,軽傷,2024-02-13 09:10,新潟市東区,新潟市東区材木町
37.924503,139.115303,軽傷,2024-02-13 10:50,新潟市東区,新潟市東区大形本町３丁目
37.813411,139.100281,軽傷,2024-02-14 18:10,新潟市秋葉区,新潟市秋葉区北上
37.912058,139.097931,重傷,2024-02-15 00:04,新潟市東区,新潟市東区竹尾
37.803986,139.114883,軽傷,2024-02-15 09:00,新潟市秋葉区,新潟市秋葉区新津
37.930850,139.090353,軽傷,2024-02-16 17:40,新潟市東区,新潟市東区鴎島町
37.780742,139.174386,重傷,2024-02-19 11:58,新潟市秋葉区,新潟市秋葉区下新
37.912267,139.098444,軽傷,2024-02-19 16:15,新潟市東区,新潟市東区竹尾
37.894803,139.108356,軽傷,2024-02-21 11:40,新潟市東区,新潟市東区中野山
37.938817,139.087986,重傷,2024-02-24 15:55,新潟市東区,新潟市東区錦町
37.947708,139.117800,軽傷,2024-02-24 16:05,新潟市東区,新潟市東区根室新町
37.846217,139.140153,軽傷,2024-02-26 14:17,新潟市江南区,新潟市江南区横越
37.902767,139.103433,軽傷,2024-02-27 07:48,新潟市東区,新潟市東区中野山４丁目
37.946419,139.109489,重傷,2024-02-27 11:30,新潟市東区,新潟市東区河渡新町２丁目
37.934553,139.093264,軽傷,2024-02-27 15:40,新潟市東区,新潟市東区藤見町１丁目
37.904153,139.103942,重傷,2024-02-27 18:44,新潟市東区,新潟市東区中野山４丁目
37.910333,139.103675,重傷,2024-02-27 20:25,新潟市東区,新潟市東区中島
37.825542,139.099894,死亡,2024-02-29 01:16,新潟市秋葉区,新潟市秋葉区荻島
37.872639,139.088042,軽傷,2024-02-29 12:51,新潟市江南区,新潟市江南区鵜ノ子４丁目
37.873447,139.026386,軽傷,2024-03-02 06:57,新潟市江南区,新潟市江南区太右エ門新田
37.934481,139.131969,軽傷,2024-03-02 18:04,新潟市東区,新潟市東区海老ケ瀬
37.854067,139.088006,軽傷,2024-03-04 07:11,新潟市江南区,新潟市江南区早通３丁目
37.910642,139.124158,重傷,2024-03-06 17:31,新潟市東区,新潟市東区岡山
37.902958,139.075386,軽傷,2024-03-06 21:31,新潟市東区,新潟市東区紫竹山３丁目
37.859350,139.060467,軽傷,2024-03-07 07:26,新潟市江南区,新潟市江南区丸潟新田
37.763817,139.069814,軽傷,2024-03-09 12:35,新潟市秋葉区,新潟市秋葉区小須戸
37.922172,139.094781,軽傷,2024-03-09 19:12,新潟市東区,新潟市東区牡丹山３丁目
37.789350,139.121603,軽傷,2024-03-12 07:12,新潟市秋葉区,新潟市秋葉区吉岡町
37.914839,139.084100,軽傷,2024-03-12 19:40,新潟市東区,新潟市東区中山６丁目
37.860828,139.127278,軽傷,2024-03-14 10:55,新潟市江南区,新潟市江南区曙町４丁目
37.857639,139.137628,重傷,2024-03-15 10:05,新潟市江南区,新潟市江南区茜ケ丘
37.793300,139.078817,軽傷,2024-03-15 12:14,新潟市秋葉区,新潟市秋葉区川根
37.940294,139.079503,重傷,2024-03-16 09:15,新潟市東区,新潟市東区秋葉１丁目
37.917100,139.085361,軽傷,2024-03-16 11:20,新潟市東区,新潟市東区中山５丁目
37.802464,139.114497,重傷,2024-03-16 20:46,新潟市秋葉区,新潟市秋葉区美幸町３丁目
37.936586,139.088753,軽傷,2024-03-18 14:45,新潟市東区,新潟市東区上王瀬町
37.878189,139.103531,軽傷,2024-03-19 16:46,新潟市江南区,新潟市江南区亀田大月１丁目
37.850517,139.124828,軽傷,2024-03-19 18:05,新潟市江南区,新潟市江南区横越
37.904478,139.093439,軽傷,2024-03-21 07:08,新潟市東区,新潟市東区卸新町３丁目
37.913339,139.091308,軽傷,2024-03-23 07:45,新潟市東区,新潟市東区竹尾２丁目
37.918350,139.094025,軽傷,2024-03-24 12:25,新潟市東区,新潟市東区牡丹山１丁目
37.922025,139.125675,軽傷,2024-03-25 09:34,新潟市東区,新潟市東区大形本町５丁目
37.803164,139.102617,軽傷,2024-03-26 07:22,新潟市秋葉区,新潟市秋葉区大鹿
37.942478,139.093603,軽傷,2024-03-26 07:42,新潟市東区,新潟市東区物見山１丁目
37.869589,139.088181,軽傷,2024-03-28 15:00,新潟市江南区,新潟市江南区早苗４丁目
37.855875,139.141378,軽傷,2024-03-28 16:55,新潟市江南区,新潟市江南区茜ケ丘
37.914897,139.125717,軽傷,2024-03-28 22:08,新潟市東区,新潟市東区岡山
37.844319,139.112525,重傷,2024-03-28 22:10,新潟市江南区,新潟市江南区二本木４丁目
37.912722,139.099694,軽傷,2024-03-29 10:30,新潟市東区,新潟市東区竹尾
37.848317,139.141703,軽傷,2024-03-29 11:12,新潟市江南区,新潟市江南区横越
37.933917,139.120767,軽傷,2024-03-29 11:53,新潟市東区,新潟市東区新松崎３丁目
37.875811,139.083053,軽傷,2024-03-29 12:11,新潟市江南区,新潟市江南区下早通柳田１丁目
37.816764,139.066556,重傷,2024-04-02 05:15,新潟市秋葉区,新潟市秋葉区覚路津
37.934317,139.097567,重傷,2024-04-02 15:45,新潟市東区,新潟市東区藤見町２丁目
37.944647,139.108447,軽傷,2024-04-02 17:50,新潟市東区,新潟市東区太平４丁目
37.931969,139.139656,軽傷,2024-04-03 08:00,新潟市東区,新潟市東区一日市
37.921422,139.126956,軽傷,2024-04-09 08:20,新潟市東区,新潟市東区石動
37.854686,139.035594,軽傷,2024-04-10 07:20,新潟市江南区,新潟市江南区天野３丁目
37.880586,139.113139,軽傷,2024-04-10 08:45,新潟市江南区,新潟市江南区北山
37.838331,139.116056,軽傷,2024-04-10 16:31,新潟市秋葉区,新潟市秋葉区中野１丁目
37.795658,139.131744,軽傷,2024-04-11 07:55,新潟市秋葉区,新潟市秋葉区金沢町１丁目
37.834144,139.096544,軽傷,2024-04-11 18:58,新潟市秋葉区,新潟市秋葉区車場
37.876392,139.117894,軽傷,2024-04-13 08:47,新潟市江南区,新潟市江南区北山
37.940772,139.107203,重傷,2024-04-15 16:00,新潟市東区,新潟市東区向陽１丁目
37.874603,139.108458,軽傷,2024-04-16 12:25,新潟市江南区,新潟市江南区東本町２丁目
37.937561,139.088197,重傷,2024-04-16 13:15,新潟市東区,新潟市東区錦町
37.937683,139.088494,軽傷,2024-04-16 13:17,新潟市東区,新潟市東区小金町３丁目
37.934667,139.096586,軽傷,2024-04-16 13:24,新潟市東区,新潟市東区河渡１丁目
37.877144,139.111050,軽傷,2024-04-17 10:28,新潟市江南区,新潟市江南区亀田向陽
37.896739,139.147817,軽傷,2024-04-20 16:50,新潟市江南区,新潟市江南区大渕
37.939697,139.077297,軽傷,2024-04-22 10:58,新潟市東区,新潟市東区北葉町
37.914372,139.105411,軽傷,2024-04-23 07:44,新潟市東区,新潟市東区はなみずき３丁目
37.905653,139.114214,軽傷,2024-04-25 07:48,新潟市東区,新潟市東区東中野山５丁目
37.914014,139.097358,軽傷,2024-04-26 08:00,新潟市東区,新潟市東区竹尾４丁目
37.914464,139.106083,軽傷,2024-04-26 16:07,新潟市東区,新潟市東区はなみずき３丁目
37.874086,139.104281,軽傷,2024-04-26 16:10,新潟市江南区,新潟市江南区西町２丁目
37.921683,139.085903,軽傷,2024-04-26 16:54,新潟市東区,新潟市東区山木戸４丁目
37.900133,139.103808,軽傷,2024-04-29 10:42,新潟市東区,新潟市東区中野山６丁目
37.784753,139.114425,軽傷,2024-04-30 14:09,新潟市秋葉区,新潟市秋葉区程島
37.871594,139.086378,軽傷,2024-04-30 17:43,新潟市江南区,新潟市江南区亀田工業団地１丁目
37.853583,139.094906,軽傷,2024-05-02 08:42,新潟市江南区,新潟市江南区茅野山
37.806086,139.132161,軽傷,2024-05-02 11:30,新潟市秋葉区,新潟市秋葉区古田ノ内大野開
37.924819,139.104942,軽傷,2024-05-03 11:47,新潟市東区,新潟市東区上木戸２丁目
37.841131,139.121428,重傷,2024-05-04 18:18,新潟市江南区,新潟市江南区二本木１丁目
37.856375,139.103544,軽傷,2024-05-05 10:58,新潟市江南区,新潟市江南区茅野山１丁目
37.896369,139.111344,軽傷,2024-05-06 17:50,新潟市東区,新潟市東区若葉町１丁目
37.923164,139.129958,軽傷,2024-05-07 08:10,新潟市東区,新潟市東区海老ケ瀬
37.897456,139.113308,軽傷,2024-05-07 09:50,新潟市東区,新潟市東区若葉町１丁目
37.934139,139.122358,軽傷,2024-05-07 16:10,新潟市東区,新潟市東区木工新町
37.836458,139.104750,軽傷,2024-05-07 16:40,新潟市秋葉区,新潟市秋葉区車場５丁目
37.878272,139.112306,軽傷,2024-05-09 10:05,新潟市江南区,新潟市江南区亀田向陽
37.796989,139.124425,軽傷,2024-05-09 10:40,新潟市秋葉区,新潟市秋葉区新津本町３丁目
37.869425,139.087589,軽傷,2024-05-10 06:19,新潟市江南区,新潟市江南区東早通
37.934142,139.097858,重傷,2024-05-11 07:10,新潟市東区,新潟市東区藤見町２丁目
37.934464,139.128178,軽傷,2024-05-12 09:35,新潟市東区,新潟市東区海老ケ瀬
37.782867,139.148969,軽傷,2024-05-12 13:15,新潟市秋葉区,新潟市秋葉区草水町２丁目
37.915256,139.080294,軽傷,2024-05-13 12:14,新潟市東区,新潟市東区中山２丁目
37.940350,139.079611,軽傷,2024-05-13 17:45,新潟市東区,新潟市東区秋葉通２丁目
37.915817,139.080156,軽傷,2024-05-16 19:15,新潟市東区,新潟市東区中山２丁目
37.920239,139.117086,軽傷,2024-05-19 08:05,新潟市東区,新潟市東区逢谷内３丁目
37.868792,139.094642,軽傷,2024-05-20 12:10,新潟市江南区,新潟市江南区泉町３丁目
37.865022,139.109639,軽傷,2024-05-20 14:02,新潟市江南区,新潟市江南区元町１丁目
37.942831,139.086914,軽傷,2024-05-21 16:54,新潟市東区,新潟市東区宝町
37.901064,139.077764,軽傷,2024-05-22 10:10,新潟市東区,新潟市東区南紫竹１丁目
37.856972,139.151403,軽傷,2024-05-22 16:00,新潟市江南区,新潟市江南区横越中央３丁目
37.920436,139.099617,軽傷,2024-05-22 17:25,新潟市東区,新潟市東区牡丹山５丁目
37.908014,139.141475,軽傷,2024-05-23 17:00,新潟市江南区,新潟市江南区江口
37.857611,139.145442,軽傷,2024-05-23 19:06,新潟市江南区,新潟市江南区横越中央１丁目
37.860864,139.121561,軽傷,2024-05-24 22:41,新潟市江南区,新潟市江南区曙町１丁目
37.847886,139.095397,軽傷,2024-05-25 14:30,新潟市江南区,新潟市江南区割野
37.897539,139.146847,軽傷,2024-05-27 16:08,新潟市江南区,新潟市江南区三百地
37.865242,139.092922,軽傷,2024-05-28 17:55,新潟市江南区,新潟市江南区泥潟
37.879411,139.103989,軽傷,2024-05-28 21:50,新潟市江南区,新潟市江南区亀田大月１丁目
37.924519,139.108233,軽傷,2024-05-29 17:17,新潟市東区,新潟市東区豊１丁目
37.902186,139.080500,軽傷,2024-05-30 09:30,新潟市東区,新潟市東区江南２丁目
37.946511,139.110236,軽傷,2024-05-31 18:15,新潟市東区,新潟市東区河渡新町２丁目
37.913917,139.096889,軽傷,2024-05-31 21:15,新潟市東区,新潟市東区竹尾３丁目
37.933433,139.100172,軽傷,2024-06-01 22:15,新潟市東区,新潟市東区河渡本町
37.921653,139.134383,軽傷,2024-06-01 22:45,新潟市東区,新潟市東区中興野
37.916364,139.114353,重傷,2024-06-02 13:24,新潟市東区,新潟市東区寺山
37.924656,139.095844,軽傷,2024-06-03 06:35,新潟市東区,新潟市東区牡丹山３丁目
37.877800,139.129897,軽傷,2024-06-03 08:04,新潟市江南区,新潟市江南区丸山ノ内善之丞組
37.866733,139.104347,軽傷,2024-06-04 15:59,新潟市江南区,新潟市江南区船戸山
37.869697,139.082483,軽傷,2024-06-04 17:48,新潟市江南区,新潟市江南区亀田工業団地１丁目
37.914650,139.080642,重傷,2024-06-07 07:59,新潟市東区,新潟市東区中山５丁目
37.885075,139.097553,死亡,2024-06-08 04:52,新潟市江南区,新潟市江南区亀田
37.934058,139.122694,軽傷,2024-06-09 10:09,新潟市東区,新潟市東区海老ケ瀬
37.862433,139.064617,軽傷,2024-06-09 16:40,新潟市江南区,新潟市江南区丸潟新田
37.908331,139.126033,重傷,2024-06-10 07:20,新潟市東区,新潟市東区江口
37.915331,139.110086,軽傷,2024-06-10 07:30,新潟市東区,新潟市東区寺山
37.940858,139.114458,軽傷,2024-06-11 16:26,新潟市東区,新潟市東区向陽３丁目
37.899708,139.117839,軽傷,2024-06-12 08:15,新潟市東区,新潟市東区若葉町２丁目
37.874781,139.031567,軽傷,2024-06-12 22:20,新潟市江南区,新潟市江南区太右エ門新田
37.776506,139.118328,軽傷,2024-06-13 11:10,新潟市秋葉区,新潟市秋葉区東島
37.916522,139.106239,軽傷,2024-06-13 15:37,新潟市東区,新潟市東区寺山１丁目
37.799228,139.124792,軽傷,2024-06-13 20:33,新潟市秋葉区,新潟市秋葉区新津本町２丁目
37.911450,139.095911,軽傷,2024-06-14 07:36,新潟市東区,新潟市東区竹尾
37.948336,139.122239,軽傷,2024-06-14 08:50,新潟市東区,新潟市東区下山３丁目
37.761736,139.110692,軽傷,2024-06-14 17:37,新潟市秋葉区,新潟市秋葉区金津
37.860586,139.128711,軽傷,2024-06-15 15:45,新潟市江南区,新潟市江南区袋津
37.857278,139.126192,重傷,2024-06-17 15:54,新潟市江南区,新潟市江南区曙町
37.923828,139.086706,軽傷,2024-06-18 07:17,新潟市東区,新潟市東区山木戸７丁目
37.941086,139.114258,軽傷,2024-06-20 11:50,新潟市東区,新潟市東区向陽２丁目
37.889633,139.143453,重傷,2024-06-20 15:43,新潟市江南区,新潟市江南区直り山
37.912717,139.099719,軽傷,2024-06-20 18:53,新潟市東区,新潟市東区竹尾
37.829000,139.106217,軽傷,2024-06-22 10:55,新潟市秋葉区,新潟市秋葉区荻島
37.945028,139.090719,軽傷,2024-06-23 16:47,新潟市東区,新潟市東区物見山２丁目
37.918964,139.093875,軽傷,2024-06-23 18:55,新潟市東区,新潟市東区牡丹山５丁目
37.876119,139.037017,軽傷,2024-06-24 08:01,新潟市江南区,新潟市江南区太右エ門新田
37.920547,139.100378,軽傷,2024-06-24 08:10,新潟市東区,新潟市東区上木戸４丁目
37.874656,139.108706,軽傷,2024-06-25 08:33,新潟市江南区,新潟市江南区東本町２丁目
37.853031,139.152958,軽傷,2024-06-26 17:41,新潟市江南区,新潟市江南区横越中央５丁目
37.856861,139.146944,軽傷,2024-06-27 07:56,新潟市江南区,新潟市江南区横越中央２丁目
37.931797,139.103086,軽傷,2024-06-27 11:47,新潟市東区,新潟市東区河渡庚
37.784964,139.114675,軽傷,2024-06-28 14:13,新潟市秋葉区,新潟市秋葉区程島
37.924764,139.115356,軽傷,2024-06-29 14:30,新潟市東区,新潟市東区大形本町３丁目
37.875931,139.116236,軽傷,2024-06-29 18:35,新潟市江南区,新潟市江南区北山
37.910717,139.098567,軽傷,2024-07-01 17:10,新潟市東区,新潟市東区竹尾
37.825461,139.098147,重傷,2024-07-02 13:48,新潟市秋葉区,新潟市秋葉区荻島字七島
37.867700,139.094944,軽傷,2024-07-03 13:40,新潟市江南区,新潟市江南区泉町３丁目
37.839664,139.113786,軽傷,2024-07-03 15:31,新潟市秋葉区,新潟市秋葉区中野２丁目
37.921975,139.115683,軽傷,2024-07-03 20:00,新潟市東区,新潟市東区逢谷内６丁目
37.913075,139.099428,重傷,2024-07-07 16:27,新潟市東区,新潟市東区竹尾４丁目
37.884997,139.101136,軽傷,2024-07-09 11:50,新潟市江南区,新潟市江南区亀田中島３丁目
37.860575,139.128733,軽傷,2024-07-12 08:20,新潟市江南区,新潟市江南区砂岡５丁目
37.852156,139.153989,軽傷,2024-07-13 10:00,新潟市江南区,新潟市江南区横越中央４丁目
37.894931,139.133897,軽傷,2024-07-15 11:55,新潟市江南区,新潟市江南区大渕
37.806808,139.148075,軽傷,2024-07-15 16:55,新潟市秋葉区,新潟市秋葉区中新田
37.848047,139.141825,軽傷,2024-07-16 18:07,新潟市江南区,新潟市江南区横越中央８丁目
37.908819,139.090511,軽傷,2024-07-18 09:05,新潟市東区,新潟市東区卸新町１丁目
37.850494,139.124836,軽傷,2024-07-20 07:15,新潟市江南区,新潟市江南区木津
37.777378,139.121272,軽傷,2024-07-21 09:15,新潟市秋葉区,新潟市秋葉区東島
37.848122,139.141883,重傷,2024-07-22 08:10,新潟市江南区,新潟市江南区横越
37.921661,139.126894,軽傷,2024-07-23 08:18,新潟市東区,新潟市東区石動
37.794831,139.125964,軽傷,2024-07-25 09:31,新潟市秋葉区,新潟市秋葉区新津本町４丁目
37.943183,139.086856,軽傷,2024-07-25 14:53,新潟市東区,新潟市東区小金台
37.838958,139.096031,軽傷,2024-07-28 17:25,新潟市江南区,新潟市江南区割野
37.867725,139.026092,軽傷,2024-07-29 06:14,新潟市江南区,新潟市江南区祖父興野
37.913075,139.099419,軽傷,2024-07-29 06:40,新潟市東区,新潟市東区竹尾４丁目
37.894017,139.106936,重傷,2024-07-29 09:44,新潟市東区,新潟市東区中野山
37.882886,139.094450,軽傷,2024-07-29 13:05,新潟市江南区,新潟市江南区亀田
37.772958,139.104069,軽傷,2024-07-29 17:55,新潟市秋葉区,新潟市秋葉区古津字北郷
37.946933,139.113222,重傷,2024-08-02 06:55,新潟市東区,新潟市東区太平２丁目
37.799739,139.122475,軽傷,2024-08-02 11:15,新潟市秋葉区,新潟市秋葉区新津本町１丁目
37.948256,139.121231,軽傷,2024-08-02 16:30,新潟市東区,新潟市東区下山３丁目
37.875947,139.104947,軽傷,2024-08-03 08:15,新潟市江南区,新潟市江南区旭２丁目
37.924347,139.094203,軽傷,2024-08-05 21:05,新潟市東区,新潟市東区下木戸２丁目
37.878825,139.082894,軽傷,2024-08-06 19:17,新潟市江南区,新潟市江南区亀田早通
37.872825,139.042144,軽傷,2024-08-09 08:45,新潟市江南区,新潟市江南区鐘木
37.920986,139.093189,軽傷,2024-08-09 12:20,新潟市東区,新潟市東区牡丹山４丁目
37.929092,139.093881,軽傷,2024-08-09 17:15,新潟市東区,新潟市東区下木戸２丁目
37.911231,139.095447,軽傷,2024-08-10 09:15,新潟市東区,新潟市東区竹尾
37.756942,139.092094,軽傷,2024-08-10 15:20,新潟市秋葉区,新潟市秋葉区矢代田
37.898103,139.082744,軽傷,2024-08-10 17:35,新潟市東区,新潟市東区東明１丁目
37.886819,139.120153,軽傷,2024-08-11 14:20,新潟市江南区,新潟市江南区茗荷谷
37.868881,139.094647,重傷,2024-08-14 10:45,新潟市江南区,新潟市江南区泉町１丁目
37.864900,139.127619,軽傷,2024-08-16 06:38,新潟市江南区,新潟市江南区袋津
37.916072,139.097619,軽傷,2024-08-19 09:05,新潟市東区,新潟市東区竹尾４丁目
37.925567,139.092286,軽傷,2024-08-19 11:20,新潟市東区,新潟市東区下木戸１丁目
37.793436,139.127947,軽傷,2024-08-20 09:33,新潟市秋葉区,新潟市秋葉区新津本町４丁目
37.854886,139.030128,軽傷,2024-08-21 07:32,新潟市江南区,新潟市江南区天野１丁目
37.929475,139.116503,軽傷,2024-08-21 14:27,新潟市東区,新潟市東区新松崎１丁目
37.840775,139.147994,軽傷,2024-08-22 07:23,新潟市江南区,新潟市江南区木津
37.907972,139.109217,軽傷,2024-08-23 18:55,新潟市東区,新潟市東区東中島２丁目
37.873456,139.026367,軽傷,2024-08-23 19:44,新潟市江南区,新潟市江南区太右エ門新田
37.814631,139.109042,軽傷,2024-08-24 13:35,新潟市秋葉区,新潟市秋葉区北潟
37.878778,139.077197,重傷,2024-08-25 18:15,新潟市江南区,新潟市江南区亀田早通
37.936172,139.092308,軽傷,2024-08-27 20:35,新潟市東区,新潟市東区小金町１丁目
37.918000,139.118450,軽傷,2024-08-28 07:52,新潟市東区,新潟市東区逢谷内３丁目
37.948656,139.123725,軽傷,2024-08-29 07:14,新潟市東区,新潟市東区下山３丁目
37.871433,139.087861,軽傷,2024-08-30 09:55,新潟市江南区,新潟市江南区鵜ノ子４丁目
37.915253,139.096103,軽傷,2024-08-30 17:53,新潟市東区,新潟市東区竹尾４丁目
37.868919,139.094650,軽傷,2024-09-03 09:35,新潟市江南区,新潟市江南区泉町１丁目
37.866422,139.079244,軽傷,2024-09-04 08:08,新潟市江南区,新潟市江南区下早通１丁目
37.923969,139.113711,軽傷,2024-09-05 12:30,新潟市東区,新潟市東区大形本町３丁目
37.929083,139.093872,軽傷,2024-09-06 14:17,新潟市東区,新潟市東区下木戸２丁目
37.931656,139.101683,軽傷,2024-09-06 17:50,新潟市東区,新潟市東区河渡庚
37.934861,139.095744,軽傷,2024-09-07 08:55,新潟市東区,新潟市東区藤見町２丁目
37.922172,139.127872,軽傷,2024-09-09 06:45,新潟市東区,新潟市東区海老ケ瀬
37.904417,139.074967,軽傷,2024-09-10 09:25,新潟市東区,新潟市東区紫竹５丁目
37.901550,139.083786,軽傷,2024-09-11 15:34,新潟市東区,新潟市東区東明３丁目
37.946464,139.099553,重傷,2024-09-11 17:13,新潟市東区,新潟市東区物見山３丁目
37.942281,139.087061,軽傷,2024-09-13 17:47,新潟市東区,新潟市東区宝町
37.880789,139.127350,軽傷,2024-09-14 06:30,新潟市江南区,新潟市江南区丸山ノ内善之丞組
37.879408,139.104025,軽傷,2024-09-14 19:14,新潟市江南区,新潟市江南区亀田大月１丁目
37.931108,139.134772,軽傷,2024-09-15 09:39,新潟市東区,新潟市東区一日市
37.894867,139.106183,重傷,2024-09-17 16:50,新潟市東区,新潟市東区もえぎ野３丁目
37.908944,139.102333,軽傷,2024-09-19 07:35,新潟市東区,新潟市東区下場
37.888394,139.093231,軽傷,2024-09-19 07:50,新潟市江南区,新潟市江南区山二ツ
37.949983,139.099344,軽傷,2024-09-20 15:48,新潟市東区,新潟市東区空港西２丁目
37.806178,139.124503,軽傷,2024-09-21 05:11,新潟市秋葉区,新潟市秋葉区下興野町
37.911025,139.098761,軽傷,2024-09-21 10:21,新潟市東区,新潟市東区竹尾
37.920117,139.101192,重傷,2024-09-21 11:28,新潟市東区,新潟市東区上木戸５丁目
37.925075,139.097814,軽傷,2024-09-21 20:55,新潟市東区,新潟市東区中木戸
37.913783,139.096972,軽傷,2024-09-23 07:45,新潟市東区,新潟市東区竹尾１丁目
37.840467,139.046175,重傷,2024-09-23 20:51,新潟市江南区,新潟市江南区舞潟
37.933611,139.116372,重傷,2024-09-24 10:50,新潟市東区,新潟市東区新松崎１丁目
37.854736,139.027511,軽傷,2024-09-25 06:10,新潟市江南区,新潟市江南区天野１丁目
37.939775,139.124858,重傷,2024-09-25 07:55,新潟市東区,新潟市東区津島屋７丁目
37.924033,139.092239,軽傷,2024-09-25 14:50,新潟市東区,新潟市東区下木戸１丁目
37.910306,139.093206,軽傷,2024-09-27 15:17,新潟市東区,新潟市東区竹尾１丁目
37.895189,139.109081,軽傷,2024-09-27 18:06,新潟市東区,新潟市東区中野山
37.904719,139.144869,軽傷,2024-09-28 08:05,新潟市江南区,新潟市江南区江口
37.914475,139.098558,軽傷,2024-09-28 19:57,新潟市東区,新潟市東区竹尾４丁目
37.918839,139.084628,軽傷,2024-10-01 08:46,新潟市東区,新潟市東区中山１丁目
37.870653,139.089492,軽傷,2024-10-01 09:45,新潟市江南区,新潟市江南区鵜ノ子４丁目
37.913839,139.103567,軽傷,2024-10-04 08:33,新潟市東区,新潟市東区はなみずき３丁目
37.943506,139.096808,軽傷,2024-10-04 19:20,新潟市東区,新潟市東区物見山２丁目
37.873328,139.025258,重傷,2024-10-05 10:25,新潟市江南区,新潟市江南区太右エ門新田
37.875933,139.131311,軽傷,2024-10-07 18:15,新潟市江南区,新潟市江南区丸山ノ内善之丞組
37.876567,139.038339,軽傷,2024-10-07 19:00,新潟市江南区,新潟市江南区太右エ門新田
37.795953,139.124158,軽傷,2024-10-07 19:30,新潟市秋葉区,新潟市秋葉区新津本町３丁目
37.941736,139.084108,軽傷,2024-10-07 20:33,新潟市東区,新潟市東区秋葉通３丁目
37.936081,139.085192,軽傷,2024-10-09 15:49,新潟市東区,新潟市東区月見町
37.786972,139.116225,重傷,2024-10-10 16:49,新潟市秋葉区,新潟市秋葉区新栄町
37.922147,139.125217,軽傷,2024-10-10 18:52,新潟市東区,新潟市東区大形本町５丁目
37.876408,139.038242,軽傷,2024-10-11 13:33,新潟市江南区,新潟市江南区太右エ門新田
37.878358,139.082619,軽傷,2024-10-11 13:52,新潟市江南区,新潟市江南区下早通柳田
37.864433,139.085519,軽傷,2024-10-11 15:30,新潟市江南区,新潟市江南区早通
37.928206,139.115425,重傷,2024-10-11 16:50,新潟市東区,新潟市東区新松崎１丁目
37.933183,139.116592,軽傷,2024-10-13 17:12,新潟市東区,新潟市東区新松崎１丁目
37.806983,139.109042,軽傷,2024-10-15 11:45,新潟市秋葉区,新潟市秋葉区新津
37.794975,139.108722,軽傷,2024-10-15 14:25,新潟市秋葉区,新潟市秋葉区古田１丁目
37.861011,139.122608,軽傷,2024-10-15 16:30,新潟市江南区,新潟市江南区曙町１丁目
37.943361,139.086989,軽傷,2024-10-15 17:30,新潟市東区,新潟市東区平和町
37.807947,139.150308,軽傷,2024-10-18 18:45,新潟市秋葉区,新潟市秋葉区中新田
37.858008,139.121769,軽傷,2024-10-19 09:21,新潟市江南区,新潟市江南区曙町２丁目
37.874917,139.132167,軽傷,2024-10-19 14:38,新潟市江南区,新潟市江南区うぐいす１丁目
37.858947,139.144422,軽傷,2024-10-19 18:20,新潟市江南区,新潟市江南区いぶき野２丁目
37.923219,139.099189,軽傷,2024-10-21 08:10,新潟市東区,新潟市東区上木戸１丁目
37.796375,139.077906,軽傷,2024-10-22 07:46,新潟市秋葉区,新潟市秋葉区小戸下組
37.859661,139.060017,軽傷,2024-10-22 12:09,新潟市江南区,新潟市江南区丸潟新田
37.803928,139.114125,軽傷,2024-10-22 12:54,新潟市秋葉区,新潟市秋葉区新津
37.879408,139.103981,軽傷,2024-10-22 18:05,新潟市江南区,新潟市江南区亀田大月１丁目
37.869308,139.163350,軽傷,2024-10-22 18:38,新潟市江南区,新潟市江南区小杉１丁目
37.910761,139.099072,重傷,2024-10-22 19:55,新潟市東区,新潟市東区竹尾
37.934531,139.111050,軽傷,2024-10-25 18:40,新潟市東区,新潟市東区松崎１丁目
37.866339,139.109478,軽傷,2024-10-27 10:35,新潟市江南区,新潟市江南区亀田新明町４丁目
37.901756,139.106928,軽傷,2024-10-27 10:41,新潟市東区,新潟市東区中野山５丁目
37.922092,139.089072,軽傷,2024-10-27 18:09,新潟市東区,新潟市東区山木戸６丁目
37.940883,139.124183,軽傷,2024-10-29 12:08,新潟市東区,新潟市東区津島屋７丁目
37.946617,139.094294,軽傷,2024-10-29 17:47,新潟市東区,新潟市東区空港西１丁目
37.946964,139.108325,軽傷,2024-10-30 15:44,新潟市東区,新潟市東区河渡新町２丁目
37.902622,139.076925,軽傷,2024-10-31 18:22,新潟市東区,新潟市東区紫竹５丁目
37.822094,139.098769,軽傷,2024-10-31 21:51,新潟市秋葉区,新潟市秋葉区福島
37.803744,139.118447,重傷,2024-11-01 11:22,新潟市秋葉区,新潟市秋葉区美善１丁目
37.832411,139.099719,軽傷,2024-11-02 08:18,新潟市秋葉区,新潟市秋葉区車場
37.911678,139.098336,軽傷,2024-11-02 08:45,新潟市東区,新潟市東区竹尾
37.833533,139.109217,軽傷,2024-11-03 10:35,新潟市秋葉区,新潟市秋葉区中野４丁目
37.760119,139.069153,重傷,2024-11-06 15:05,新潟市秋葉区,新潟市秋葉区小須戸
37.856522,139.034147,軽傷,2024-11-08 06:49,新潟市江南区,新潟市江南区天野３丁目
37.866828,139.100583,軽傷,2024-11-08 15:30,新潟市江南区,新潟市江南区荻曽根１丁目
37.898322,139.081642,重傷,2024-11-08 16:58,新潟市東区,新潟市東区南紫竹２丁目
37.875075,139.103011,軽傷,2024-11-08 20:02,新潟市江南区,新潟市江南区西町３丁目
37.798728,139.114569,軽傷,2024-11-09 11:53,新潟市秋葉区,新潟市秋葉区山谷町２丁目
37.777622,139.118489,軽傷,2024-11-10 18:39,新潟市秋葉区,新潟市秋葉区東島
37.905767,139.107461,重傷,2024-11-11 09:01,新潟市東区,新潟市東区下場本町
37.873842,139.099597,軽傷,2024-11-11 11:24,新潟市江南区,新潟市江南区亀田緑町３丁目
37.921061,139.090594,重傷,2024-11-12 07:48,新潟市東区,新潟市東区牡丹山２丁目
37.919172,139.094003,軽傷,2024-11-13 09:53,新潟市東区,新潟市東区牡丹山５丁目
37.867778,139.082975,軽傷,2024-11-14 10:58,新潟市江南区,新潟市江南区東早通３丁目
37.819603,139.099247,軽傷,2024-11-15 07:43,新潟市秋葉区,新潟市秋葉区川口
37.944103,139.109153,重傷,2024-11-15 11:25,新潟市東区,新潟市東区太平４丁目
37.917128,139.118992,軽傷,2024-11-16 18:22,新潟市東区,新潟市東区逢谷内
37.936367,139.087258,軽傷,2024-11-16 22:02,新潟市東区,新潟市東区上王瀬町
37.904894,139.116178,軽傷,2024-11-19 15:27,新潟市東区,新潟市東区東中野山６丁目
37.943044,139.086878,重傷,2024-11-20 12:06,新潟市東区,新潟市東区宝町
37.830014,139.114361,重傷,2024-11-20 13:27,新潟市秋葉区,新潟市秋葉区荻島２丁目
37.910142,139.093058,軽傷,2024-11-21 12:35,新潟市東区,新潟市東区竹尾
37.858106,139.097394,軽傷,2024-11-22 07:31,新潟市江南区,新潟市江南区茅野山
37.932044,139.073264,軽傷,2024-11-23 19:20,新潟市東区,新潟市東区松島１丁目
37.875872,139.112147,軽傷,2024-11-23 22:20,新潟市江南区,新潟市江南区亀田向陽１丁目
37.864383,139.095772,軽傷,2024-11-25 17:22,新潟市江南区,新潟市江南区泉町
37.817225,139.064714,軽傷,2024-11-26 16:10,新潟市秋葉区,新潟市秋葉区覚路津
37.906961,139.073722,軽傷,2024-11-27 07:25,新潟市東区,新潟市東区紫竹２丁目
37.844633,139.113631,軽傷,2024-11-28 13:05,新潟市江南区,新潟市江南区二本木４丁目
37.917125,139.119008,重傷,2024-11-28 13:52,新潟市東区,新潟市東区逢谷内
37.815669,139.096444,重傷,2024-11-29 18:47,新潟市秋葉区,新潟市秋葉区北潟
37.905364,139.083919,軽傷,2024-11-30 02:40,新潟市東区,新潟市東区江南４丁目
37.897767,139.082250,軽傷,2024-11-30 11:07,新潟市東区,新潟市東区南紫竹２丁目
37.805997,139.114061,軽傷,2024-12-01 11:15,新潟市秋葉区,新潟市秋葉区新津
37.897569,139.113425,軽傷,2024-12-01 11:50,新潟市東区,新潟市東区若葉町１丁目
37.873311,139.098053,重傷,2024-12-02 14:07,新潟市江南区,新潟市江南区五月町２丁目
37.796772,139.124106,軽傷,2024-12-02 18:55,新潟市秋葉区,新潟市秋葉区新津本町３丁目
37.922950,139.092528,軽傷,2024-12-03 07:18,新潟市東区,新潟市東区牡丹山２丁目
37.934247,139.109219,重傷,2024-12-04 21:12,新潟市東区,新潟市東区松崎１丁目
37.860336,139.123703,軽傷,2024-12-06 08:19,新潟市江南区,新潟市江南区曙町３丁目
37.945886,139.096056,軽傷,2024-12-08 14:48,新潟市東区,新潟市東区物見山２丁目
37.903333,139.105206,軽傷,2024-12-10 08:18,新潟市東区,新潟市東区下場本町
37.796453,139.114414,軽傷,2024-12-10 22:20,新潟市秋葉区,新潟市秋葉区山谷町３丁目
37.904600,139.080200,軽傷,2024-12-11 18:11,新潟市東区,新潟市東区紫竹５丁目
37.848767,139.141367,軽傷,2024-12-12 07:58,新潟市江南区,新潟市江南区横越中央８丁目
37.923900,139.122294,軽傷,2024-12-12 09:42,新潟市東区,新潟市東区海老ケ瀬
37.792264,139.109917,重傷,2024-12-12 10:33,新潟市秋葉区,新潟市秋葉区新津
37.872564,139.096297,軽傷,2024-12-12 14:50,新潟市江南区,新潟市江南区亀田四ツ興野１丁目
37.936575,139.088392,軽傷,2024-12-13 07:32,新潟市東区,新潟市東区錦町
37.856439,139.094686,軽傷,2024-12-13 12:37,新潟市江南区,新潟市江南区茅野山３丁目
37.921508,139.100453,軽傷,2024-12-14 08:35,新潟市東区,新潟市東区上木戸３丁目
37.887197,139.100081,軽傷,2024-12-15 08:05,新潟市江南区,新潟市江南区亀田中島４丁目
37.913897,139.096911,軽傷,2024-12-17 08:20,新潟市東区,新潟市東区竹尾４丁目
37.914014,139.096911,軽傷,2024-12-17 08:21,新潟市東区,新潟市東区竹尾４丁目
37.877925,139.081419,軽傷,2024-12-18 16:25,新潟市江南区,新潟市江南区下早通柳田
37.945828,139.095708,軽傷,2024-12-20 11:35,新潟市東区,新潟市東区物見山２丁目
37.921153,139.133253,軽傷,2024-12-20 16:20,新潟市東区,新潟市東区柳ケ丘
37.934686,139.130378,軽傷,2024-12-24 06:58,新潟市東区,新潟市東区海老ケ瀬
37.855922,139.141272,軽傷,2024-12-24 17:12,新潟市江南区,新潟市江南区茜ケ丘
37.834639,139.113658,軽傷,2024-12-24 19:50,新潟市秋葉区,新潟市秋葉区中野３丁目
37.933711,139.116692,重傷,2024-12-24 22:19,新潟市東区,新潟市東区松崎２丁目
37.875522,139.083081,重傷,2024-12-25 20:29,新潟市江南区,新潟市江南区下早通柳田１丁目
37.923778,139.102536,軽傷,2024-12-27 15:37,新潟市東区,新潟市東区上木戸１丁目
37.854064,139.146086,軽傷,2024-12-28 21:55,新潟市江南区,新潟市江南区横越中央６丁目
37.764431,139.111111,重傷,2024-12-29 11:51,新潟市秋葉区,新潟市秋葉区古津
37.918994,139.095831,軽傷,2024-12-30 09:49,新潟市東区,新潟市東区牡丹山５丁目
37.923764,139.097850,軽傷,2024-12-31 18:03,新潟市東区,新潟市東区牡丹山３丁目
37.872628,139.096044,重傷,2025-01-01 11:28,新潟市江南区,新潟市江南区五月町３丁目
37.901831,139.075703,軽傷,2025-01-02 16:50,新潟市東区,新潟市東区南紫竹１丁目
37.933331,139.104628,軽傷,2025-01-07 17:15,新潟市東区,新潟市東区河渡本町
37.900014,139.112558,重傷,2025-01-08 10:10,新潟市東区,新潟市東区東中野山２丁目
37.939678,139.071881,重傷,2025-01-09 10:24,新潟市東区,新潟市東区山の下町
37.855394,139.055075,軽傷,2025-01-09 18:00,新潟市江南区,新潟市江南区丸潟新田
37.772592,139.103878,軽傷,2025-01-10 07:56,新潟市秋葉区,新潟市秋葉区古津
37.806514,139.143592,軽傷,2025-01-10 17:17,新潟市秋葉区,新潟市秋葉区新津東町３丁目
37.901236,139.146533,重傷,2025-01-11 08:15,新潟市江南区,新潟市江南区江口
37.917147,139.118978,軽傷,2025-01-11 14:33,新潟市東区,新潟市東区逢谷内
37.837947,139.105536,軽傷,2025-01-14 05:30,新潟市秋葉区,新潟市秋葉区車場３丁目
37.904183,139.103967,軽傷,2025-01-14 08:51,新潟市東区,新潟市東区下場本町
37.921525,139.100325,軽傷,2025-01-14 15:27,新潟市東区,新潟市東区上木戸３丁目
37.876344,139.098731,軽傷,2025-01-14 17:55,新潟市江南区,新潟市江南区五月町１丁目
37.875231,139.033353,軽傷,2025-01-15 08:17,新潟市江南区,新潟市江南区太右エ門新田
37.809186,139.069572,軽傷,2025-01-15 08:20,新潟市秋葉区,新潟市秋葉区覚路津
37.798031,139.124650,軽傷,2025-01-15 09:17,新潟市秋葉区,新潟市秋葉区新津本町２丁目
37.866542,139.108817,軽傷,2025-01-15 10:13,新潟市江南区,新潟市江南区亀田本町４丁目
37.806561,139.116081,軽傷,2025-01-15 11:27,新潟市秋葉区,新潟市秋葉区下興野
37.833000,139.104725,軽傷,2025-01-15 18:12,新潟市秋葉区,新潟市秋葉区車場５丁目
37.920106,139.122881,軽傷,2025-01-16 06:54,新潟市東区,新潟市東区大形本町５丁目
37.915294,139.084108,軽傷,2025-01-18 18:57,新潟市東区,新潟市東区中山５丁目
37.924581,139.107647,軽傷,2025-01-19 05:12,新潟市東区,新潟市東区豊１丁目
37.875008,139.079122,軽傷,2025-01-20 17:30,新潟市江南区,新潟市江南区下早通柳田２丁目
37.832678,139.103597,軽傷,2025-01-21 18:09,新潟市秋葉区,新潟市秋葉区あおば通１丁目
37.934617,139.129719,軽傷,2025-01-22 15:41,新潟市東区,新潟市東区海老ケ瀬
37.872211,139.086975,軽傷,2025-01-23 13:38,新潟市江南区,新潟市江南区鵜ノ子４丁目
37.858658,139.132014,軽傷,2025-01-24 16:40,新潟市江南区,新潟市江南区曙町５丁目
37.793992,139.129236,重傷,2025-01-26 20:13,新潟市秋葉区,新潟市秋葉区新津本町４丁目
37.841606,139.076911,軽傷,2025-01-27 16:00,新潟市江南区,新潟市江南区嘉瀬
37.918708,139.095200,軽傷,2025-01-27 16:55,新潟市東区,新潟市東区牡丹山５丁目
37.917383,139.117389,軽傷,2025-01-29 08:25,新潟市東区,新潟市東区逢谷内
37.804244,139.144828,軽傷,2025-01-29 08:55,新潟市秋葉区,新潟市秋葉区新津東町３丁目
37.941964,139.084753,軽傷,2025-01-29 09:40,新潟市東区,新潟市東区秋葉通３丁目
37.817689,139.120325,軽傷,2025-01-29 10:30,新潟市秋葉区,新潟市秋葉区川口
37.933717,139.099433,軽傷,2025-01-29 11:18,新潟市東区,新潟市東区河渡１丁目
37.900047,139.104086,軽傷,2025-01-31 13:04,新潟市東区,新潟市東区中野山６丁目
37.855719,139.111728,重傷,2025-01-31 18:34,新潟市江南区,新潟市江南区城所
37.921039,139.088636,軽傷,2025-01-31 18:42,新潟市東区,新潟市東区山木戸５丁目
37.901681,139.101383,軽傷,2025-02-01 17:38,新潟市東区,新潟市東区中野山４丁目
37.928369,139.078647,軽傷,2025-02-03 20:00,新潟市東区,新潟市東区榎町
37.917675,139.085111,軽傷,2025-02-06 08:32,新潟市東区,新潟市東区中山２丁目
37.866878,139.100647,軽傷,2025-02-06 19:10,新潟市江南区,新潟市江南区荻曽根１丁目
37.837053,139.117258,軽傷,2025-02-07 11:40,新潟市秋葉区,新潟市秋葉区中野１丁目
37.902600,139.077381,軽傷,2025-02-08 12:32,新潟市東区,新潟市東区紫竹５丁目
37.935117,139.079983,軽傷,2025-02-09 18:08,新潟市東区,新潟市東区大山２丁目
37.940172,139.098508,軽傷,2025-02-13 21:57,新潟市東区,新潟市東区松和町
37.864514,139.049994,軽傷,2025-02-14 14:39,新潟市江南区,新潟市江南区曽川
37.897656,139.103819,軽傷,2025-02-14 15:20,新潟市東区,新潟市東区粟山４丁目
37.913600,139.102167,軽傷,2025-02-15 10:29,新潟市東区,新潟市東区はなみずき３丁目
37.934981,139.089036,軽傷,2025-02-15 20:35,新潟市東区,新潟市東区上王瀬町
37.843022,139.103100,軽傷,2025-02-16 23:45,新潟市江南区,新潟市江南区割野
37.920828,139.118656,軽傷,2025-02-18 07:45,新潟市東区,新潟市東区逢谷内３丁目
37.934758,139.131156,軽傷,2025-02-18 20:57,新潟市東区,新潟市東区津島屋８丁目
37.945019,139.108050,重傷,2025-02-19 20:25,新潟市東区,新潟市東区太平３丁目
37.924681,139.096053,軽傷,2025-02-20 16:35,新潟市東区,新潟市東区牡丹山３丁目
37.919333,139.084375,軽傷,2025-02-20 18:47,新潟市東区,新潟市東区山木戸２丁目
37.921036,139.097556,軽傷,2025-02-22 07:26,新潟市東区,新潟市東区牡丹山５丁目
37.918875,139.097881,軽傷,2025-02-24 06:30,新潟市東区,新潟市東区牡丹山５丁目
37.912783,139.097608,軽傷,2025-02-26 05:43,新潟市東区,新潟市東区竹尾４丁目
37.794803,139.126203,軽傷,2025-02-27 07:50,新潟市秋葉区,新潟市秋葉区新津本町４丁目
37.840497,139.067269,死亡,2025-02-27 14:02,新潟市江南区,新潟市江南区酒屋町
37.913636,139.081061,軽傷,2025-02-28 11:54,新潟市東区,新潟市東区中山６丁目
37.941100,139.084200,軽傷,2025-02-28 22:25,新潟市東区,新潟市東区宝町
37.905708,139.102633,軽傷,2025-03-03 06:25,新潟市東区,新潟市東区中野山３丁目
37.934914,139.089208,軽傷,2025-03-05 13:42,新潟市東区,新潟市東区上王瀬町
37.934433,139.097286,軽傷,2025-03-06 17:53,新潟市東区,新潟市東区河渡１丁目
37.931278,139.122417,軽傷,2025-03-07 08:10,新潟市東区,新潟市東区海老ケ瀬
37.880022,139.083506,軽傷,2025-03-07 20:40,新潟市江南区,新潟市江南区亀田早通
37.750694,139.087267,軽傷,2025-03-08 12:53,新潟市秋葉区,新潟市秋葉区矢代田
37.921969,139.083406,軽傷,2025-03-09 20:54,新潟市東区,新潟市東区山木戸８丁目
37.806203,139.127039,軽傷,2025-03-10 10:13,新潟市秋葉区,新潟市秋葉区新町３丁目
37.894706,139.145597,軽傷,2025-03-10 18:11,新潟市江南区,新潟市江南区大渕
37.919650,139.122506,軽傷,2025-03-11 11:07,新潟市東区,新潟市東区大形本町
37.865292,139.040411,軽傷,2025-03-12 11:00,新潟市江南区,新潟市江南区曽野木１丁目
37.931167,139.116928,軽傷,2025-03-12 15:24,新潟市東区,新潟市東区新松崎２丁目
37.899358,139.145131,重傷,2025-03-13 15:55,新潟市江南区,新潟市江南区三百地
37.899178,139.086322,軽傷,2025-03-13 17:30,新潟市東区,新潟市東区東明２丁目
37.909258,139.098044,重傷,2025-03-15 09:00,新潟市東区,新潟市東区竹尾
37.922964,139.092650,軽傷,2025-03-15 12:24,新潟市東区,新潟市東区牡丹山３丁目
37.834389,139.113528,軽傷,2025-03-15 14:57,新潟市秋葉区,新潟市秋葉区中野３丁目
37.904181,139.075064,軽傷,2025-03-16 18:00,新潟市東区,新潟市東区紫竹５丁目
37.897947,139.084586,軽傷,2025-03-20 08:00,新潟市東区,新潟市東区東明８丁目
37.932031,139.100928,軽傷,2025-03-20 13:15,新潟市東区,新潟市東区河渡庚
37.804981,139.126178,軽傷,2025-03-25 19:23,新潟市秋葉区,新潟市秋葉区善道町２丁目
37.937078,139.101281,軽傷,2025-03-26 18:19,新潟市東区,新潟市東区松園１丁目
37.867089,139.089094,軽傷,2025-03-28 18:00,新潟市江南区,新潟市江南区泥潟
37.877000,139.100550,重傷,2025-03-29 11:10,新潟市江南区,新潟市江南区五月町１丁目
37.912722,139.099697,重傷,2025-03-30 17:25,新潟市東区,新潟市東区竹尾
37.910633,139.094689,軽傷,2025-03-31 07:23,新潟市東区,新潟市東区竹尾
37.924364,139.094458,軽傷,2025-04-03 01:57,新潟市東区,新潟市東区下木戸２丁目
37.918261,139.096317,重傷,2025-04-04 18:17,新潟市東区,新潟市東区牡丹山６丁目
37.939056,139.075206,重傷,2025-04-04 19:52,新潟市東区,新潟市東区北葉町
37.922325,139.139678,軽傷,2025-04-05 08:30,新潟市東区,新潟市東区中興野
37.934086,139.108600,軽傷,2025-04-06 19:48,新潟市東区,新潟市東区松崎
37.929094,139.093881,軽傷,2025-04-08 08:13,新潟市東区,新潟市東区下木戸３丁目
37.829856,139.155392,軽傷,2025-04-09 12:58,新潟市江南区,新潟市江南区沢海２丁目
37.869353,139.087142,軽傷,2025-04-09 17:05,新潟市江南区,新潟市江南区東早通
37.859122,139.133958,軽傷,2025-04-10 08:05,新潟市江南区,新潟市江南区横越川根町５丁目
37.855103,139.094867,軽傷,2025-04-11 19:53,新潟市江南区,新潟市江南区茅野山３丁目
37.933311,139.104542,軽傷,2025-04-12 11:50,新潟市東区,新潟市東区河渡庚
37.861511,139.091989,軽傷,2025-04-15 18:11,新潟市江南区,新潟市江南区泥潟
37.872917,139.090169,軽傷,2025-04-16 15:14,新潟市江南区,新潟市江南区鵜ノ子４丁目
37.901717,139.079436,軽傷,2025-04-17 07:57,新潟市東区,新潟市東区江南２丁目
37.912525,139.098086,軽傷,2025-04-17 13:20,新潟市東区,新潟市東区竹尾４丁目
37.877508,139.037819,軽傷,2025-04-18 08:11,新潟市江南区,新潟市江南区太右エ門新田
37.794897,139.126711,重傷,2025-04-18 12:39,新潟市秋葉区,新潟市秋葉区新津本町４丁目
37.921872,139.135136,軽傷,2025-04-23 06:45,新潟市東区,新潟市東区中興野
37.904247,139.079669,軽傷,2025-04-23 10:58,新潟市東区,新潟市東区紫竹５丁目
37.920119,139.116917,軽傷,2025-04-23 22:39,新潟市東区,新潟市東区逢谷内３丁目
37.909747,139.124692,軽傷,2025-04-27 09:50,新潟市東区,新潟市東区新岡山２丁目
37.934053,139.122250,軽傷,2025-04-27 10:59,新潟市東区,新潟市東区木工新町
37.904686,139.080339,軽傷,2025-04-28 18:15,新潟市東区,新潟市東区紫竹５丁目
37.910283,139.093342,軽傷,2025-04-30 08:05,新潟市東区,新潟市東区竹尾
37.920194,139.116931,重傷,2025-04-30 10:25,新潟市東区,新潟市東区逢谷内３丁目
37.794703,139.118903,軽傷,2025-04-30 15:36,新潟市秋葉区,新潟市秋葉区山谷町１丁目
37.923700,139.122278,重傷,2025-05-02 18:34,新潟市東区,新潟市東区海老ケ瀬
37.922042,139.092881,軽傷,2025-05-03 15:10,新潟市東区,新潟市東区牡丹山３丁目
37.806500,139.146000,軽傷,2025-05-05 17:00,新潟市秋葉区,新潟市秋葉区中新田
37.907767,139.086711,軽傷,2025-05-07 06:45,新潟市東区,新潟市東区紫竹７丁目
37.854739,139.028758,重傷,2025-05-07 12:01,新潟市江南区,新潟市江南区天野１丁目
37.797017,139.110519,軽傷,2025-05-07 14:50,新潟市秋葉区,新潟市秋葉区古田４丁目
37.812422,139.122664,軽傷,2025-05-08 07:00,新潟市秋葉区,新潟市秋葉区北上２丁目
37.942897,139.078983,重傷,2025-05-08 14:20,新潟市東区,新潟市東区秋葉通２丁目
37.850031,139.144481,軽傷,2025-05-10 09:23,新潟市江南区,新潟市江南区横越上町５丁目
37.816308,139.084167,軽傷,2025-05-10 20:19,新潟市秋葉区,新潟市秋葉区北潟
37.898028,139.083192,軽傷,2025-05-11 17:46,新潟市東区,新潟市東区南紫竹２丁目
37.838914,139.080067,軽傷,2025-05-12 11:42,新潟市秋葉区,新潟市秋葉区市之瀬
37.868917,139.094636,死亡,2025-05-12 13:37,新潟市江南区,新潟市江南区早苗１丁目
37.832717,139.102536,軽傷,2025-05-12 14:19,新潟市秋葉区,新潟市秋葉区あおば通１丁目
37.773033,139.082914,軽傷,2025-05-12 15:57,新潟市秋葉区,新潟市秋葉区小須戸
37.882372,139.131911,軽傷,2025-05-13 11:10,新潟市江南区,新潟市江南区茗荷谷
37.920097,139.101200,軽傷,2025-05-13 11:34,新潟市東区,新潟市東区上木戸５丁目
37.922506,139.125603,軽傷,2025-05-15 09:10,新潟市東区,新潟市東区大形本町５丁目
37.917461,139.100706,軽傷,2025-05-16 12:05,新潟市東区,新潟市東区上木戸４丁目
37.897794,139.099378,軽傷,2025-05-17 09:29,新潟市東区,新潟市東区粟山２丁目
37.932022,139.073203,軽傷,2025-05-17 20:00,新潟市東区,新潟市東区松島１丁目
37.933664,139.116706,軽傷,2025-05-18 09:43,新潟市東区,新潟市東区新松崎２丁目
37.901753,139.079381,軽傷,2025-05-18 11:55,新潟市東区,新潟市東区江南１丁目
37.933039,139.116592,軽傷,2025-05-18 12:00,新潟市東区,新潟市東区新松崎１丁目
37.872850,139.105011,軽傷,2025-05-19 15:05,新潟市江南区,新潟市江南区西町４丁目
37.943508,139.087439,軽傷,2025-05-19 17:25,新潟市東区,新潟市東区小金台
37.924003,139.092736,軽傷,2025-05-19 22:03,新潟市東区,新潟市東区下木戸１丁目
37.858886,139.116839,軽傷,2025-05-20 18:52,新潟市江南区,新潟市江南区曙町２丁目
37.911125,139.095347,軽傷,2025-05-21 06:30,新潟市東区,新潟市東区竹尾１丁目
37.913492,139.078817,軽傷,2025-05-21 19:47,新潟市東区,新潟市東区中山５丁目
37.925672,139.114306,軽傷,2025-05-22 15:53,新潟市東区,新潟市東区豊３丁目
37.923747,139.115819,軽傷,2025-05-24 08:15,新潟市東区,新潟市東区逢谷内４丁目
37.908939,139.102317,軽傷,2025-05-25 06:17,新潟市東区,新潟市東区下場
37.873894,139.050953,軽傷,2025-05-25 20:05,新潟市江南区,新潟市江南区鐘木
37.794533,139.105897,軽傷,2025-05-26 08:32,新潟市秋葉区,新潟市秋葉区古田３丁目
37.903425,139.074847,軽傷,2025-05-26 13:15,新潟市東区,新潟市東区紫竹山３丁目
37.791200,139.080008,軽傷,2025-05-27 08:00,新潟市秋葉区,新潟市秋葉区子成場
37.950086,139.099236,軽傷,2025-05-28 15:59,新潟市東区,新潟市東区空港西２丁目
37.791372,139.109122,重傷,2025-05-29 10:05,新潟市秋葉区,新潟市秋葉区新津字山谷南
37.794394,139.116183,軽傷,2025-05-30 11:52,新潟市秋葉区,新潟市秋葉区南町
37.933250,139.143661,軽傷,2025-05-30 18:30,新潟市東区,新潟市東区一日市
37.842661,139.095758,軽傷,2025-05-31 17:55,新潟市江南区,新潟市江南区割野
37.868464,139.080633,軽傷,2025-05-31 21:50,新潟市江南区,新潟市江南区亀田工業団地２丁目
37.851583,139.144825,軽傷,2025-06-01 12:44,新潟市江南区,新潟市江南区横越中央８丁目
37.917261,139.090919,軽傷,2025-06-03 06:36,新潟市東区,新潟市東区牡丹山１丁目
37.816483,139.077769,軽傷,2025-06-03 08:36,新潟市秋葉区,新潟市秋葉区覚路津
37.802861,139.123419,重傷,2025-06-04 10:24,新潟市秋葉区,新潟市秋葉区善道町１丁目
37.856900,139.101942,軽傷,2025-06-04 19:35,新潟市江南区,新潟市江南区茅野山３丁目
37.922308,139.099811,軽傷,2025-06-06 14:05,新潟市東区,新潟市東区牡丹山４丁目
37.933683,139.115442,軽傷,2025-06-09 07:50,新潟市東区,新潟市東区松崎１丁目
37.835317,139.090400,軽傷,2025-06-09 09:10,新潟市秋葉区,新潟市秋葉区市之瀬
37.856658,139.052500,軽傷,2025-06-12 18:08,新潟市江南区,新潟市江南区嘉木
37.834914,139.126442,軽傷,2025-06-13 07:45,新潟市秋葉区,新潟市秋葉区大蔵字川前
37.796772,139.124144,軽傷,2025-06-13 14:15,新潟市秋葉区,新潟市秋葉区新津本町３丁目
37.946561,139.100197,軽傷,2025-06-13 15:07,新潟市東区,新潟市東区河渡甲
37.799747,139.122489,軽傷,2025-06-13 18:13,新潟市秋葉区,新潟市秋葉区新津本町１丁目
37.920931,139.083847,軽傷,2025-06-14 07:30,新潟市東区,新潟市東区山木戸４丁目
37.856742,139.052472,軽傷,2025-06-14 14:52,新潟市江南区,新潟市江南区丸潟新田
37.808642,139.151333,軽傷,2025-06-17 09:06,新潟市秋葉区,新潟市秋葉区中新田
37.934811,139.131192,軽傷,2025-06-17 15:22,新潟市東区,新潟市東区津島屋８丁目
37.921975,139.127461,軽傷,2025-06-19 06:50,新潟市東区,新潟市東区大形本町５丁目
37.761531,139.111956,軽傷,2025-06-19 11:35,新潟市秋葉区,新潟市秋葉区金津
37.894931,139.108603,軽傷,2025-06-19 15:28,新潟市東区,新潟市東区中野山
37.875783,139.083003,軽傷,2025-06-21 22:00,新潟市江南区,新潟市江南区下早通柳田
37.806403,139.118492,軽傷,2025-06-22 11:05,新潟市秋葉区,新潟市秋葉区美善２丁目
37.936536,139.075672,軽傷,2025-06-23 18:24,新潟市東区,新潟市東区長者町
37.918522,139.094694,軽傷,2025-06-25 13:30,新潟市東区,新潟市東区牡丹山１丁目
37.875647,139.106508,軽傷,2025-06-26 09:36,新潟市江南区,新潟市江南区東船場２丁目
37.946461,139.074717,軽傷,2025-06-29 10:21,新潟市東区,新潟市東区臨港町２丁目
37.932608,139.105139,軽傷,2025-06-29 17:50,新潟市東区,新潟市東区河渡庚
37.899844,139.076692,軽傷,2025-06-30 09:56,新潟市東区,新潟市東区南紫竹１丁目
37.924292,139.108500,軽傷,2025-06-30 11:28,新潟市東区,新潟市東区寺山２丁目
37.921481,139.100297,軽傷,2025-06-30 13:40,新潟市東区,新潟市東区上木戸３丁目
37.799031,139.127678,軽傷,2025-07-01 19:25,新潟市秋葉区,新潟市秋葉区新町１丁目
37.919606,139.093519,軽傷,2025-07-04 10:30,新潟市東区,新潟市東区牡丹山５丁目
37.870203,139.037083,軽傷,2025-07-04 15:44,新潟市江南区,新潟市江南区俵柳
37.905197,139.078969,軽傷,2025-07-04 19:40,新潟市東区,新潟市東区紫竹５丁目
37.936517,139.118978,軽傷,2025-07-05 15:00,新潟市東区,新潟市東区松崎２丁目
37.862075,139.051683,軽傷,2025-07-05 16:25,新潟市江南区,新潟市江南区曽川甲
37.779736,139.174325,重傷,2025-07-06 09:26,新潟市秋葉区,新潟市秋葉区下新
37.762036,139.112644,軽傷,2025-07-07 09:10,新潟市秋葉区,新潟市秋葉区蒲ケ沢
37.900158,139.076353,軽傷,2025-07-07 17:20,新潟市東区,新潟市東区南紫竹１丁目
37.936086,139.072886,重傷,2025-07-08 08:22,新潟市東区,新潟市東区長者町
37.934400,139.075339,軽傷,2025-07-08 13:13,新潟市東区,新潟市東区長者町
37.855714,139.146547,重傷,2025-07-11 12:59,新潟市江南区,新潟市江南区横越中央２丁目
37.856250,139.024489,軽傷,2025-07-12 12:58,新潟市江南区,新潟市江南区楚川甲
37.875614,139.096767,軽傷,2025-07-12 19:40,新潟市江南区,新潟市江南区五月町２丁目
37.864544,139.050003,軽傷,2025-07-14 07:38,新潟市江南区,新潟市江南区曽川甲
37.922008,139.136686,軽傷,2025-07-14 08:40,新潟市東区,新潟市東区中興野
37.873531,139.077750,軽傷,2025-07-14 14:18,新潟市江南区,新潟市江南区亀田工業団地２丁目
37.876150,139.106061,軽傷,2025-07-14 17:15,新潟市江南区,新潟市江南区西町１丁目
37.923753,139.115828,重傷,2025-07-15 02:56,新潟市東区,新潟市東区逢谷内４丁目
37.898461,139.109581,軽傷,2025-07-15 06:34,新潟市東区,新潟市東区中野山７丁目
37.807161,139.118542,軽傷,2025-07-15 10:46,新潟市秋葉区,新潟市秋葉区さつき野４丁目
37.802858,139.116983,重傷,2025-07-16 08:30,新潟市秋葉区,新潟市秋葉区美幸町１丁目
37.763850,139.071758,軽傷,2025-07-16 14:10,新潟市秋葉区,新潟市秋葉区小須戸
37.944064,139.128094,軽傷,2025-07-16 20:02,新潟市東区,新潟市東区津島屋４丁目
37.752708,139.088961,重傷,2025-07-18 05:02,新潟市秋葉区,新潟市秋葉区矢代田
37.808675,139.116106,軽傷,2025-07-19 12:43,新潟市秋葉区,新潟市秋葉区さつき野４丁目
37.743108,139.092433,軽傷,2025-07-20 14:57,新潟市秋葉区,新潟市秋葉区矢代田
37.936467,139.073811,軽傷,2025-07-21 15:55,新潟市東区,新潟市東区古川町
37.923861,139.115819,軽傷,2025-07-21 16:20,新潟市東区,新潟市東区大形本町３丁目
37.876461,139.038206,軽傷,2025-07-21 18:37,新潟市江南区,新潟市江南区太右エ門新田
37.945619,139.121525,軽傷,2025-07-23 05:45,新潟市東区,新潟市東区下山１丁目
37.944881,139.090197,重傷,2025-07-23 09:30,新潟市東区,新潟市東区小金台
37.920772,139.100622,軽傷,2025-07-23 18:00,新潟市東区,新潟市東区上木戸４丁目
37.928664,139.099150,軽傷,2025-07-24 08:25,新潟市東区,新潟市東区中木戸
37.911272,139.095508,軽傷,2025-07-24 13:23,新潟市東区,新潟市東区竹尾
37.818297,139.099447,軽傷,2025-07-24 17:54,新潟市秋葉区,新潟市秋葉区北上
37.922064,139.125572,重傷,2025-07-25 12:15,新潟市東区,新潟市東区大形本町５丁目
37.922464,139.125597,軽傷,2025-07-25 12:30,新潟市東区,新潟市東区大形本町５丁目
37.873761,139.100614,軽傷,2025-07-25 14:15,新潟市江南区,新潟市江南区西町３丁目
37.900164,139.103778,軽傷,2025-07-25 20:20,新潟市東区,新潟市東区中野山５丁目
37.912011,139.098256,軽傷,2025-07-26 17:21,新潟市東区,新潟市東区竹尾
37.897478,139.111917,重傷,2025-07-30 13:12,新潟市東区,新潟市東区若葉町１丁目
37.838772,139.112811,軽傷,2025-07-31 08:15,新潟市秋葉区,新潟市秋葉区中野２丁目
37.923492,139.092328,軽傷,2025-08-01 17:10,新潟市東区,新潟市東区山木戸２丁目
37.788831,139.124931,軽傷,2025-08-01 18:16,新潟市秋葉区,新潟市秋葉区田家１丁目
37.841061,139.147672,軽傷,2025-08-02 08:16,新潟市江南区,新潟市江南区木津
37.891928,139.103153,軽傷,2025-08-03 09:18,新潟市東区,新潟市東区粟山
37.875364,139.157558,軽傷,2025-08-04 07:00,新潟市江南区,新潟市江南区小杉４丁目
37.919817,139.123042,軽傷,2025-08-04 08:03,新潟市東区,新潟市東区大形本町６丁目
37.918097,139.106258,軽傷,2025-08-05 09:33,新潟市東区,新潟市東区寺山１丁目
37.946811,139.112964,重傷,2025-08-07 09:54,新潟市東区,新潟市東区太平２丁目
37.941275,139.082458,軽傷,2025-08-08 08:50,新潟市東区,新潟市東区秋葉通２丁目
37.921236,139.080511,軽傷,2025-08-08 17:35,新潟市東区,新潟市東区山木戸８丁目
37.857861,139.097986,重傷,2025-08-09 20:14,新潟市江南区,新潟市江南区茅野山３丁目
37.931728,139.137714,軽傷,2025-08-10 13:51,新潟市東区,新潟市東区一日市
37.858756,139.116792,軽傷,2025-08-11 19:28,新潟市江南区,新潟市江南区曙町２丁目
37.931281,139.103253,軽傷,2025-08-13 11:08,新潟市東区,新潟市東区河渡庚
37.791147,139.114050,軽傷,2025-08-13 12:28,新潟市秋葉区,新潟市秋葉区新津
37.933156,139.072886,重傷,2025-08-15 14:30,新潟市東区,新潟市東区東新町
37.799717,139.122472,軽傷,2025-08-16 20:10,新潟市秋葉区,新潟市秋葉区新津本町１丁目
37.934008,139.121453,軽傷,2025-08-17 10:50,新潟市東区,新潟市東区松崎２丁目
37.908644,139.100656,重傷,2025-08-17 14:17,新潟市東区,新潟市東区下場
37.801522,139.132500,軽傷,2025-08-18 18:58,新潟市秋葉区,新潟市秋葉区新町２丁目
37.876775,139.080125,重傷,2025-08-20 15:30,新潟市江南区,新潟市江南区下早通柳田１丁目
37.871639,139.135178,軽傷,2025-08-21 13:30,新潟市江南区,新潟市江南区駒込２丁目
37.877903,139.081336,軽傷,2025-08-25 15:30,新潟市江南区,新潟市江南区下早通柳田１丁目
37.898522,139.095253,重傷,2025-08-26 10:55,新潟市東区,新潟市東区石山５丁目
37.931994,139.100856,軽傷,2025-08-26 12:15,新潟市東区,新潟市東区河渡庚
37.874933,139.102378,軽傷,2025-08-28 14:04,新潟市江南区,新潟市江南区旭３丁目
37.916928,139.093183,軽傷,2025-08-28 20:46,新潟市東区,新潟市東区中山８丁目
37.946572,139.100006,重傷,2025-08-29 12:46,新潟市東区,新潟市東区河渡甲
37.797297,139.077553,重傷,2025-08-29 14:49,新潟市秋葉区,新潟市秋葉区川根甲
37.870292,139.120622,軽傷,2025-09-01 09:49,新潟市江南区,新潟市江南区亀田水道町
37.930892,139.090394,軽傷,2025-09-01 17:50,新潟市東区,新潟市東区鴎島町
37.806361,139.123508,軽傷,2025-09-01 18:33,新潟市秋葉区,新潟市秋葉区下興野町
37.918386,139.094286,軽傷,2025-09-02 20:40,新潟市東区,新潟市東区牡丹山１丁目
37.910611,139.088994,軽傷,2025-09-03 19:09,新潟市東区,新潟市東区竹尾２丁目
37.820503,139.116200,軽傷,2025-09-05 07:27,新潟市秋葉区,新潟市秋葉区福島
37.934728,139.131733,軽傷,2025-09-06 13:56,新潟市東区,新潟市東区津島屋８丁目
37.952675,139.091347,軽傷,2025-09-08 10:10,新潟市東区,新潟市東区船江町１丁目
37.874375,139.107889,軽傷,2025-09-09 19:20,新潟市江南区,新潟市江南区東本町２丁目
37.925611,139.114319,軽傷,2025-09-10 11:24,新潟市東区,新潟市東区豊３丁目
37.923833,139.092372,軽傷,2025-09-11 13:40,新潟市東区,新潟市東区下木戸１丁目
37.862428,139.064642,重傷,2025-09-11 18:30,新潟市江南区,新潟市江南区丸潟新田
37.905431,139.102825,軽傷,2025-09-12 08:54,新潟市東区,新潟市東区中野山３丁目
37.905147,139.080925,軽傷,2025-09-12 16:50,新潟市東区,新潟市東区紫竹５丁目
37.899964,139.097983,軽傷,2025-09-18 15:30,新潟市東区,新潟市東区石山６丁目
37.876219,139.076742,重傷,2025-09-18 19:20,新潟市江南区,新潟市江南区下早通柳田２丁目
37.875417,139.116533,軽傷,2025-09-19 05:41,新潟市江南区,新潟市江南区北山
37.796958,139.122622,軽傷,2025-09-20 09:40,新潟市秋葉区,新潟市秋葉区新津本町３丁目
37.816217,139.083647,重傷,2025-09-20 11:55,新潟市秋葉区,新潟市秋葉区北潟
37.927561,139.102614,軽傷,2025-09-21 16:20,新潟市東区,新潟市東区材木町
37.932919,139.104811,軽傷,2025-09-22 13:17,新潟市東区,新潟市東区河渡庚
37.866708,139.084231,軽傷,2025-09-22 17:47,新潟市江南区,新潟市江南区東早通１丁目
37.870464,139.039828,軽傷,2025-09-23 16:18,新潟市江南区,新潟市江南区俵柳
37.853364,139.053675,軽傷,2025-09-23 16:57,新潟市江南区,新潟市江南区嘉木
37.877364,139.083533,軽傷,2025-09-24 07:27,新潟市江南区,新潟市江南区下早通柳田１丁目
37.933200,139.100622,軽傷,2025-09-25 17:04,新潟市東区,新潟市東区河渡庚
37.898275,139.096703,軽傷,2025-09-25 19:00,新潟市東区,新潟市東区石山６丁目
37.890989,139.104225,軽傷,2025-09-26 07:50,新潟市江南区,新潟市江南区粟山
37.910492,139.094317,軽傷,2025-09-26 11:20,新潟市東区,新潟市東区竹尾
37.873139,139.098511,重傷,2025-09-28 06:00,新潟市江南区,新潟市江南区亀田四ツ興野１丁目
37.945172,139.091325,重傷,2025-09-28 18:05,新潟市東区,新潟市東区浜谷町２丁目
37.946778,139.095892,軽傷,2025-09-30 14:30,新潟市東区,新潟市東区浜谷町２丁目
37.876383,139.155356,軽傷,2025-09-30 15:34,新潟市江南区,新潟市江南区小杉
37.942972,139.086614,重傷,2025-10-01 18:53,新潟市東区,新潟市東区宝町
37.911878,139.099086,軽傷,2025-10-02 00:20,新潟市東区,新潟市東区竹尾
37.938717,139.115131,軽傷,2025-10-02 19:01,新潟市東区,新潟市東区白銀２丁目
37.922164,139.084211,軽傷,2025-10-02 19:27,新潟市東区,新潟市東区山木戸８丁目
37.924864,139.096939,軽傷,2025-10-03 17:36,新潟市東区,新潟市東区牡丹山３丁目
37.812064,139.068408,重傷,2025-10-05 21:00,新潟市秋葉区,新潟市秋葉区覚路津
37.832908,139.111794,軽傷,2025-10-07 07:26,新潟市秋葉区,新潟市秋葉区中野３丁目
37.910539,139.094347,軽傷,2025-10-07 18:20,新潟市東区,新潟市東区竹尾
37.857653,139.110519,重傷,2025-10-07 19:28,新潟市江南区,新潟市江南区城所１丁目
37.920236,139.123781,軽傷,2025-10-07 19:32,新潟市東区,新潟市東区大形本町６丁目
37.836108,139.150692,重傷,2025-10-08 13:29,新潟市江南区,新潟市江南区沢海１丁目
37.925608,139.092936,軽傷,2025-10-08 15:08,新潟市東区,新潟市東区下木戸１丁目
37.903958,139.079897,軽傷,2025-10-11 13:52,新潟市東区,新潟市東区江南３丁目
37.917506,139.094650,軽傷,2025-10-13 12:20,新潟市東区,新潟市東区牡丹山１丁目
37.942519,139.078400,軽傷,2025-10-14 20:02,新潟市東区,新潟市東区桃山町２丁目
37.870714,139.081878,重傷,2025-10-15 21:16,新潟市江南区,新潟市江南区亀田工業団地１丁目
37.907239,139.127411,軽傷,2025-10-16 12:40,新潟市東区,新潟市東区江口
37.869028,139.045850,軽傷,2025-10-18 07:51,新潟市江南区,新潟市江南区鐘木
37.945164,139.116986,死亡,2025-10-20 10:37,新潟市東区,新潟市東区太平１丁目
37.786467,139.122961,重傷,2025-10-20 10:45,新潟市秋葉区,新潟市秋葉区田家２丁目
37.773928,139.084736,軽傷,2025-10-24 06:46,新潟市秋葉区,新潟市秋葉区梅ノ木
37.935419,139.100725,軽傷,2025-10-24 13:05,新潟市東区,新潟市東区河渡２丁目
37.867875,139.038261,重傷,2025-10-24 17:14,新潟市江南区,新潟市江南区曽川乙
37.873561,139.077717,軽傷,2025-10-25 16:04,新潟市江南区,新潟市江南区亀田工業団地２丁目
37.812306,139.119992,重傷,2025-10-26 08:05,新潟市秋葉区,新潟市秋葉区北上１丁目
37.933317,139.100369,軽傷,2025-10-27 07:50,新潟市東区,新潟市東区河渡本町
37.934128,139.087325,重傷,2025-10-28 09:41,新潟市東区,新潟市東区上王瀬町
37.922592,139.099678,軽傷,2025-10-28 14:27,新潟市東区,新潟市東区上木戸３丁目
37.874283,139.155511,軽傷,2025-10-28 19:38,新潟市江南区,新潟市江南区小杉
37.895342,139.103653,軽傷,2025-10-29 12:58,新潟市東区,新潟市東区粟山４丁目
37.943042,139.086881,重傷,2025-10-30 00:23,新潟市東区,新潟市東区宝町
37.913058,139.099428,軽傷,2025-10-30 11:39,新潟市東区,新潟市東区竹尾４丁目
37.897667,139.093525,重傷,2025-10-30 18:14,新潟市東区,新潟市東区石山２丁目
37.803244,139.102578,軽傷,2025-10-31 16:30,新潟市秋葉区,新潟市秋葉区大鹿
37.931781,139.099911,軽傷,2025-10-31 19:52,新潟市東区,新潟市東区河渡庚
37.917783,139.094489,軽傷,2025-11-02 12:05,新潟市東区,新潟市東区中山８丁目
37.944533,139.088983,軽傷,2025-11-02 13:45,新潟市東区,新潟市東区平和町
37.785011,139.114897,軽傷,2025-11-02 20:05,新潟市秋葉区,新潟市秋葉区程島
37.876511,139.038194,軽傷,2025-11-03 18:13,新潟市江南区,新潟市江南区太右エ門新田
37.912522,139.097981,重傷,2025-11-04 15:52,新潟市東区,新潟市東区竹尾
37.848078,139.141828,軽傷,2025-11-05 07:45,新潟市江南区,新潟市江南区横越
37.918258,139.096278,軽傷,2025-11-06 12:48,新潟市東区,新潟市東区牡丹山６丁目
37.815114,139.109003,重傷,2025-11-06 19:20,新潟市秋葉区,新潟市秋葉区北潟
37.946083,139.107911,重傷,2025-11-11 10:23,新潟市東区,新潟市東区幸栄３丁目
37.910917,139.123006,軽傷,2025-11-11 18:27,新潟市東区,新潟市東区新岡山２丁目
37.817386,139.140981,軽傷,2025-11-13 17:48,新潟市秋葉区,新潟市秋葉区七日町
37.903581,139.104883,重傷,2025-11-13 21:12,新潟市東区,新潟市東区下場本町
37.914269,139.080947,重傷,2025-11-14 10:00,新潟市東区,新潟市東区中山５丁目
37.919006,139.095833,軽傷,2025-11-15 03:32,新潟市東区,新潟市東区牡丹山５丁目
37.883344,139.110267,重傷,2025-11-17 07:35,新潟市江南区,新潟市江南区北山
37.920906,139.125161,軽傷,2025-11-17 07:50,新潟市東区,新潟市東区大形本町
37.925225,139.123931,軽傷,2025-11-17 17:30,新潟市東区,新潟市東区海老ケ瀬
37.923183,139.121253,軽傷,2025-11-18 10:20,新潟市東区,新潟市東区大形本町３丁目
37.907747,139.086653,軽傷,2025-11-19 07:07,新潟市東区,新潟市東区紫竹７丁目
37.917142,139.119078,軽傷,2025-11-19 07:48,新潟市東区,新潟市東区逢谷内
37.913078,139.099431,軽傷,2025-11-19 08:25,新潟市東区,新潟市東区竹尾４丁目
37.875392,139.103456,重傷,2025-11-20 09:07,新潟市江南区,新潟市江南区旭３丁目
37.794872,139.126744,軽傷,2025-11-20 17:19,新潟市秋葉区,新潟市秋葉区新津本町４丁目
37.869864,139.108544,重傷,2025-11-21 07:58,新潟市江南区,新潟市江南区亀田本町
37.908517,139.100489,重傷,2025-11-21 17:36,新潟市東区,新潟市東区下場
37.923789,139.122386,軽傷,2025-11-21 20:26,新潟市東区,新潟市東区海老ケ瀬
37.795733,139.131439,軽傷,2025-11-24 17:20,新潟市秋葉区,新潟市秋葉区新町２丁目
37.772228,139.117225,軽傷,2025-11-25 12:32,新潟市秋葉区,新潟市秋葉区朝日
37.934458,139.097314,重傷,2025-11-25 16:34,新潟市東区,新潟市東区河渡１丁目
37.815672,139.097003,軽傷,2025-11-25 17:47,新潟市秋葉区,新潟市秋葉区北潟
37.796794,139.141019,軽傷,2025-11-26 16:01,新潟市秋葉区,新潟市秋葉区金沢町４丁目
37.869936,139.097597,軽傷,2025-11-26 18:16,新潟市江南区,新潟市江南区亀田四ツ興野３丁目
37.873789,139.133031,死亡,2025-11-27 05:59,新潟市江南区,新潟市江南区うぐいす１丁目
37.877644,139.073856,重傷,2025-11-27 08:32,新潟市江南区,新潟市江南区長潟
37.822664,139.075456,重傷,2025-11-27 12:56,新潟市秋葉区,新潟市秋葉区覚路津
37.878075,139.095108,軽傷,2025-11-27 13:39,新潟市江南区,新潟市江南区五月町
37.924022,139.105381,軽傷,2025-11-29 08:40,新潟市東区,新潟市東区上木戸２丁目
37.877394,139.078031,軽傷,2025-11-29 10:08,新潟市江南区,新潟市江南区下早通柳田１丁目
37.919625,139.083383,死亡,2025-11-29 10:38,新潟市東区,新潟市東区山木戸３丁目
37.896422,139.097272,重傷,2025-11-30 17:45,新潟市東区,新潟市東区石山４丁目
37.869450,139.097247,軽傷,2025-12-01 15:00,新潟市江南区,新潟市江南区亀田四ツ興野
37.933958,139.108469,重傷,2025-12-02 11:29,新潟市東区,新潟市東区河渡本町
37.908278,139.088522,軽傷,2025-12-04 17:31,新潟市東区,新潟市東区紫竹７丁目
37.919861,139.109403,軽傷,2025-12-04 17:31,新潟市東区,新潟市東区寺山１丁目
37.924961,139.102611,軽傷,2025-12-05 17:18,新潟市東区,新潟市東区上木戸１丁目
37.942631,139.105639,軽傷,2025-12-06 15:09,新潟市東区,新潟市東区幸栄３丁目
37.918097,139.093517,軽傷,2025-12-06 18:00,新潟市東区,新潟市東区牡丹山１丁目
37.932361,139.099978,軽傷,2025-12-07 14:05,新潟市東区,新潟市東区藤見町２丁目
37.937644,139.088403,重傷,2025-12-07 16:35,新潟市東区,新潟市東区小金町１丁目
37.842592,139.119003,重傷,2025-12-08 17:16,新潟市江南区,新潟市江南区二本木１丁目
37.902411,139.081022,軽傷,2025-12-08 18:19,新潟市東区,新潟市東区江南２丁目
37.863394,139.058806,軽傷,2025-12-11 15:09,新潟市江南区,新潟市江南区丸潟新田
37.777753,139.118439,軽傷,2025-12-11 19:37,新潟市秋葉区,新潟市秋葉区東島
37.936328,139.087478,軽傷,2025-12-12 16:50,新潟市東区,新潟市東区上王瀬町
37.817903,139.109292,重傷,2025-12-12 17:27,新潟市秋葉区,新潟市秋葉区川口
37.902450,139.105983,軽傷,2025-12-12 18:33,新潟市東区,新潟市東区中野山５丁目
37.861975,139.109236,軽傷,2025-12-13 21:11,新潟市江南区,新潟市江南区城山２丁目
37.876817,139.078161,軽傷,2025-12-14 12:40,新潟市江南区,新潟市江南区下早通柳田２丁目
37.807886,139.150189,軽傷,2025-12-16 09:12,新潟市秋葉区,新潟市秋葉区中新田
37.768603,139.160933,軽傷,2025-12-16 19:25,新潟市秋葉区,新潟市秋葉区大関
37.752914,139.098889,軽傷,2025-12-17 16:05,新潟市秋葉区,新潟市秋葉区矢代田
37.898781,139.078581,軽傷,2025-12-18 08:03,新潟市東区,新潟市東区南紫竹２丁目
37.921953,139.099969,軽傷,2025-12-18 10:35,新潟市東区,新潟市東区牡丹山４丁目
37.907969,139.077411,重傷,2025-12-19 05:47,新潟市東区,新潟市東区紫竹２丁目
37.942544,139.105506,軽傷,2025-12-19 07:00,新潟市東区,新潟市東区向陽１丁目
37.921136,139.093439,軽傷,2025-12-19 10:20,新潟市東区,新潟市東区牡丹山４丁目
37.873547,139.077747,軽傷,2025-12-19 19:10,新潟市江南区,新潟市江南区亀田工業団地２丁目
37.869642,139.087431,軽傷,2025-12-20 19:10,新潟市江南区,新潟市江南区東早通２丁目
37.929494,139.090831,軽傷,2025-12-21 17:50,新潟市東区,新潟市東区下木戸３丁目
37.933614,139.116053,軽傷,2025-12-22 16:00,新潟市東区,新潟市東区新松崎１丁目
37.850644,139.121244,重傷,2025-12-23 08:00,新潟市江南区,新潟市江南区二本木
37.841894,139.147733,軽傷,2025-12-25 19:20,新潟市江南区,新潟市江南区木津
37.949614,139.129111,軽傷,2025-12-26 18:52,新潟市東区,新潟市東区下山２丁目
37.920986,139.116322,軽傷,2025-12-29 19:39,新潟市東区,新潟市東区逢谷内２丁目
37.918264,139.096267,重傷,2025-12-30 11:16,新潟市東区,新潟市東区牡丹山６丁目
37.791792,139.113447,軽傷,2025-12-30 18:25,新潟市秋葉区,新潟市秋葉区新津
37.935450,139.094333,軽傷,2025-12-31 12:53,新潟市東区,新潟市東区藤見町１丁目
37.869653,139.088214,軽傷,2025-12-31 13:52,新潟市江南区,新潟市江南区鵜ノ子５丁目
37.875983,139.083328,軽傷,2026-01-02 13:20,新潟市江南区,新潟市江南区下早通柳田１丁目
37.936694,139.089828,軽傷,2026-01-03 16:00,新潟市東区,新潟市東区藤見町１丁目
37.791469,139.111075,軽傷,2026-01-04 12:47,新潟市秋葉区,新潟市秋葉区新津
37.871419,139.087447,軽傷,2026-01-05 13:30,新潟市江南区,新潟市江南区鵜ノ子
37.920939,139.088439,軽傷,2026-01-05 15:30,新潟市東区,新潟市東区山木戸５丁目
37.843344,139.075369,軽傷,2026-01-06 08:25,新潟市江南区,新潟市江南区嘉瀬
37.939886,139.107106,軽傷,2026-01-06 08:44,新潟市東区,新潟市東区向陽１丁目
37.838083,139.104444,重傷,2026-01-06 08:45,新潟市秋葉区,新潟市秋葉区あおば通２丁目
37.743856,139.076847,軽傷,2026-01-07 08:29,新潟市秋葉区,新潟市秋葉区横川浜
37.866481,139.038219,重傷,2026-01-07 08:37,新潟市江南区,新潟市江南区曽野木１丁目
37.881747,139.091617,軽傷,2026-01-07 17:43,新潟市江南区,新潟市江南区鵜ノ子
37.749053,139.108544,軽傷,2026-01-08 17:20,新潟市秋葉区,新潟市秋葉区金津
37.881011,139.112819,重傷,2026-01-09 17:21,新潟市江南区,新潟市江南区北山
37.878458,139.163536,軽傷,2026-01-09 17:42,新潟市江南区,新潟市江南区小杉４丁目
37.942619,139.105483,重傷,2026-01-10 12:18,新潟市東区,新潟市東区幸栄３丁目
37.924661,139.123772,軽傷,2026-01-10 15:55,新潟市東区,新潟市東区海老ケ瀬
37.907536,139.073600,軽傷,2026-01-10 16:30,新潟市東区,新潟市東区紫竹２丁目
37.896317,139.097253,軽傷,2026-01-11 01:37,新潟市東区,新潟市東区石山４丁目
37.931708,139.099903,軽傷,2026-01-12 13:20,新潟市東区,新潟市東区河渡庚
37.868675,139.098258,軽傷,2026-01-13 18:00,新潟市江南区,新潟市江南区荻曽根３丁目
37.815475,139.100058,軽傷,2026-01-13 19:30,新潟市秋葉区,新潟市秋葉区北上
37.887903,139.105228,軽傷,2026-01-15 09:20,新潟市江南区,新潟市江南区北山
37.936153,139.092050,軽傷,2026-01-15 18:09,新潟市東区,新潟市東区藤見町１丁目
37.821242,139.098928,軽傷,2026-01-16 12:17,新潟市秋葉区,新潟市秋葉区福島
37.903794,139.105250,軽傷,2026-01-17 12:40,新潟市東区,新潟市東区下場本町
37.786300,139.095606,軽傷,2026-01-17 14:17,新潟市秋葉区,新潟市秋葉区古田
37.806481,139.145975,軽傷,2026-01-19 08:30,新潟市秋葉区,新潟市秋葉区中新田
37.825514,139.065197,軽傷,2026-01-19 18:09,新潟市秋葉区,新潟市秋葉区覚路津
37.949336,139.100006,軽傷,2026-01-20 07:30,新潟市東区,新潟市東区河渡甲
37.933558,139.099931,軽傷,2026-01-20 22:20,新潟市東区,新潟市東区河渡本町
37.896700,139.092144,重傷,2026-01-22 00:21,新潟市東区,新潟市東区石山１丁目
37.910633,139.094539,軽傷,2026-01-22 16:06,新潟市東区,新潟市東区竹尾
37.924500,139.108042,軽傷,2026-01-24 08:29,新潟市東区,新潟市東区寺山２丁目
37.798044,139.124578,重傷,2026-01-24 11:33,新潟市秋葉区,新潟市秋葉区新津本町２丁目
37.924492,139.122156,軽傷,2026-01-26 14:55,新潟市東区,新潟市東区海老ケ瀬
37.926692,139.104239,軽傷,2026-01-29 07:24,新潟市東区,新潟市東区豊１丁目
37.900242,139.104028,軽傷,2026-01-30 06:49,新潟市東区,新潟市東区中野山６丁目
37.902719,139.105994,重傷,2026-01-30 08:03,新潟市東区,新潟市東区下場本町
37.923700,139.115872,軽傷,2026-01-30 15:20,新潟市東区,新潟市東区逢谷内４丁目
37.858631,139.117608,軽傷,2026-01-31 15:01,新潟市江南区,新潟市江南区曙町２丁目
37.920106,139.101203,軽傷,2026-02-04 13:37,新潟市東区,新潟市東区上木戸５丁目
37.801058,139.119119,軽傷,2026-02-04 16:13,新潟市秋葉区,新潟市秋葉区新津本町１丁目
37.902475,139.108292,重傷,2026-02-05 11:13,新潟市東区,新潟市東区中野山５丁目
37.875656,139.116894,重傷,2026-02-05 17:32,新潟市江南区,新潟市江南区北山
37.832925,139.104117,軽傷,2026-02-06 17:57,新潟市秋葉区,新潟市秋葉区車場５丁目
37.798744,139.122994,軽傷,2026-02-06 21:25,新潟市秋葉区,新潟市秋葉区新津本町１丁目
37.916911,139.093108,軽傷,2026-02-08 10:00,新潟市東区,新潟市東区牡丹山１丁目
37.859483,139.131961,軽傷,2026-02-09 11:39,新潟市江南区,新潟市江南区横越川根町４丁目
37.866706,139.104083,軽傷,2026-02-10 07:55,新潟市江南区,新潟市江南区元町４丁目
37.834389,139.113486,軽傷,2026-02-10 15:35,新潟市秋葉区,新潟市秋葉区中野３丁目
37.913403,139.097150,軽傷,2026-02-10 17:45,新潟市東区,新潟市東区竹尾１丁目
37.934453,139.127797,重傷,2026-02-11 10:38,新潟市東区,新潟市東区海老ケ瀬
37.932367,139.099947,軽傷,2026-02-11 16:45,新潟市東区,新潟市東区藤見町２丁目
37.913936,139.102858,軽傷,2026-02-12 10:40,新潟市東区,新潟市東区はなみずき３丁目
37.868539,139.088242,軽傷,2026-02-17 08:11,新潟市江南区,新潟市江南区東早通１丁目
37.914217,139.121161,軽傷,2026-02-17 20:09,新潟市東区,新潟市東区岡山
37.868375,139.044786,重傷,2026-02-20 08:17,新潟市江南区,新潟市江南区鐘木
37.897725,139.099328,重傷,2026-02-20 15:55,新潟市東区,新潟市東区粟山２丁目
37.858769,139.116589,軽傷,2026-02-26 13:24,新潟市江南区,新潟市江南区曙町２丁目
37.873850,139.078403,軽傷,2026-02-27 18:06,新潟市江南区,新潟市江南区下早通柳田２丁目
37.830394,139.097189,軽傷,2026-02-28 10:30,新潟市秋葉区,新潟市秋葉区車場
37.880772,139.127125,軽傷,2026-03-03 04:45,新潟市江南区,新潟市江南区丸山ノ内善之丞組
37.932964,139.102881,軽傷,2026-03-03 17:20,新潟市東区,新潟市東区河渡庚
37.820650,139.109486,重傷,2026-03-04 14:32,新潟市秋葉区,新潟市秋葉区福島
37.934428,139.126186,軽傷,2026-03-04 17:30,新潟市東区,新潟市東区木工新町
37.874942,139.156783,軽傷,2026-03-05 07:50,新潟市江南区,新潟市江南区小杉４丁目
37.859736,139.143078,軽傷,2026-03-05 17:00,新潟市江南区,新潟市江南区いぶき野２丁目
37.885453,139.130228,重傷,2026-03-06 03:30,新潟市江南区,新潟市江南区茗荷谷
37.924031,139.098706,軽傷,2026-03-09 14:20,新潟市東区,新潟市東区上木戸１丁目
37.925344,139.115489,軽傷,2026-03-10 13:20,新潟市東区,新潟市東区大形本町３丁目
37.907197,139.084767,軽傷,2026-03-10 17:58,新潟市東区,新潟市東区紫竹６丁目
37.770167,139.166889,軽傷,2026-03-13 12:50,新潟市秋葉区,新潟市秋葉区岡田
37.874486,139.080075,軽傷,2026-03-13 18:30,新潟市江南区,新潟市江南区下早通柳田１丁目
37.794256,139.118233,軽傷,2026-03-14 15:22,新潟市秋葉区,新潟市秋葉区南町
37.899369,139.077403,軽傷,2026-03-14 18:21,新潟市東区,新潟市東区南紫竹１丁目
37.928592,139.124850,軽傷,2026-03-18 08:06,新潟市東区,新潟市東区海老ケ瀬
37.882458,139.131736,軽傷,2026-03-19 16:59,新潟市江南区,新潟市江南区茗荷谷
37.816361,139.077956,重傷,2026-03-19 17:55,新潟市秋葉区,新潟市秋葉区覚路津
37.900147,139.103811,軽傷,2026-03-20 08:45,新潟市東区,新潟市東区中野山６丁目
37.922275,139.139292,軽傷,2026-03-21 06:00,新潟市東区,新潟市東区中興野
37.942556,139.105575,重傷,2026-03-21 18:48,新潟市東区,新潟市東区幸栄３丁目
37.921853,139.082883,重傷,2026-03-23 15:54,新潟市東区,新潟市東区山木戸８丁目
37.756375,139.071461,軽傷,2026-03-24 07:55,新潟市秋葉区,新潟市秋葉区小須戸
37.866208,139.139322,軽傷,2026-03-24 08:02,新潟市江南区,新潟市江南区駒込
37.878364,139.082631,軽傷,2026-03-27 08:45,新潟市江南区,新潟市江南区下早通柳田１丁目
37.816050,139.099908,軽傷,2026-03-28 18:23,新潟市秋葉区,新潟市秋葉区北上
37.784769,139.114458,重傷,2026-03-29 09:29,新潟市秋葉区,新潟市秋葉区程島
37.932600,139.106556,軽傷,2026-03-29 14:35,新潟市東区,新潟市東区河渡庚
37.855092,139.040592,軽傷,2026-03-29 21:57,新潟市江南区,新潟市江南区曽川甲
37.911733,139.142983,重傷,2026-03-30 12:41,新潟市江南区,新潟市江南区江口
37.910506,139.117236,軽傷,2026-03-30 18:14,新潟市東区,新潟市東区東中島４丁目
37.739017,139.078647,軽傷,2026-03-31 14:25,新潟市秋葉区,新潟市秋葉区天ケ沢
37.925222,139.123908,軽傷,2026-03-31 18:29,新潟市東区,新潟市東区海老ケ瀬
37.924892,139.104089,軽傷,2026-03-31 18:40,新潟市東区,新潟市東区上木戸２丁目
37.868742,139.098247,軽傷,2026-04-01 09:56,新潟市江南区,新潟市江南区荻曽根３丁目
37.904742,139.144953,軽傷,2026-04-01 12:35,新潟市江南区,新潟市江南区江口
37.727483,139.064967,重傷,2026-04-04 09:55,新潟市秋葉区,新潟市秋葉区水田
37.806236,139.126503,軽傷,2026-04-04 10:42,新潟市秋葉区,新潟市秋葉区下興野町
37.796483,139.114458,軽傷,2026-04-04 14:14,新潟市秋葉区,新潟市秋葉区山谷町２丁目
37.924897,139.103944,軽傷,2026-04-04 16:35,新潟市東区,新潟市東区豊１丁目
37.876417,139.078003,軽傷,2026-04-05 18:17,新潟市江南区,新潟市江南区下早通柳田２丁目
37.923747,139.115811,軽傷,2026-04-05 21:43,新潟市東区,新潟市東区逢谷内４丁目
37.944858,139.128697,重傷,2026-04-08 08:43,新潟市東区,新潟市東区津島屋４丁目
37.892714,139.104483,軽傷,2026-04-08 15:54,新潟市東区,新潟市東区もえぎ野２丁目
37.816758,139.099750,軽傷,2026-04-09 08:14,新潟市秋葉区,新潟市秋葉区北上
37.934125,139.072736,軽傷,2026-04-09 08:16,新潟市東区,新潟市東区長者町
37.924181,139.098006,軽傷,2026-04-10 10:58,新潟市東区,新潟市東区上木戸１丁目
37.831986,139.119664,軽傷,2026-04-12 10:35,新潟市秋葉区,新潟市秋葉区荻島２丁目
37.855067,139.042478,重傷,2026-04-13 15:44,新潟市江南区,新潟市江南区曽川甲
37.943889,139.096694,重傷,2026-04-15 16:20,新潟市東区,新潟市東区物見山２丁目
37.931761,139.099936,軽傷,2026-04-15 16:22,新潟市東区,新潟市東区河渡庚
37.773892,139.117978,軽傷,2026-04-15 16:52,新潟市秋葉区,新潟市秋葉区朝日
37.898244,139.083525,軽傷,2026-04-15 18:21,新潟市東区,新潟市東区東明１丁目
37.932531,139.104781,軽傷,2026-04-16 14:15,新潟市東区,新潟市東区河渡庚
37.924025,139.113622,軽傷,2026-04-16 17:07,新潟市東区,新潟市東区豊２丁目
37.857961,139.142025,重傷,2026-04-17 13:06,新潟市江南区,新潟市江南区いぶき野２丁目
37.883561,139.095953,軽傷,2026-04-18 08:30,新潟市江南区,新潟市江南区亀田
37.883344,139.110267,軽傷,2026-04-18 12:14,新潟市江南区,新潟市江南区北山
37.872056,139.134625,軽傷,2026-04-18 14:09,新潟市江南区,新潟市江南区駒込２丁目
37.798725,139.120478,軽傷,2026-04-19 13:50,新潟市秋葉区,新潟市秋葉区山谷町１丁目
37.873753,139.099331,軽傷,2026-04-21 15:28,新潟市江南区,新潟市江南区五月町２丁目
37.936208,139.085964,軽傷,2026-04-21 16:34,新潟市東区,新潟市東区錦町
37.915847,139.083839,軽傷,2026-04-24 07:20,新潟市東区,新潟市東区中山５丁目
37.942733,139.072908,軽傷,2026-04-24 15:11,新潟市東区,新潟市東区臨港町１丁目
37.899669,139.083575,軽傷,2026-04-24 15:44,新潟市東区,新潟市東区東明２丁目
37.783900,139.083261,軽傷,2026-04-25 10:07,新潟市秋葉区,新潟市秋葉区梅ノ木
37.917567,139.094761,軽傷,2026-04-25 13:29,新潟市東区,新潟市東区牡丹山１丁目
37.856844,139.053200,軽傷,2026-04-26 10:00,新潟市江南区,新潟市江南区丸潟新田
37.869531,139.087428,軽傷,2026-04-26 16:15,新潟市江南区,新潟市江南区東早通２丁目
37.912514,139.097839,軽傷,2026-04-27 10:57,新潟市東区,新潟市東区竹尾
37.918703,139.107422,軽傷,2026-04-27 14:45,新潟市東区,新潟市東区寺山１丁目
37.901786,139.075683,軽傷,2026-04-28 08:21,新潟市東区,新潟市東区南紫竹１丁目
37.816911,139.099742,軽傷,2026-04-28 09:47,新潟市秋葉区,新潟市秋葉区川口
37.933408,139.100050,軽傷,2026-04-29 17:44,新潟市東区,新潟市東区藤見町２丁目
37.814356,139.116419,軽傷,2026-05-01 20:50,新潟市秋葉区,新潟市秋葉区さつき野１丁目
37.922267,139.084981,軽傷,2026-05-03 14:30,新潟市東区,新潟市東区山木戸４丁目
37.913067,139.099419,軽傷,2026-05-04 16:33,新潟市東区,新潟市東区竹尾４丁目
37.938450,139.102653,重傷,2026-05-04 16:51,新潟市東区,新潟市東区松園１丁目
37.878339,139.082622,軽傷,2026-05-05 08:28,新潟市江南区,新潟市江南区下早通柳田１丁目
37.934075,139.108317,軽傷,2026-05-05 11:15,新潟市東区,新潟市東区河渡本町
37.942639,139.085981,軽傷,2026-05-06 10:03,新潟市東区,新潟市東区秋葉通３丁目
37.872250,139.039544,軽傷,2026-05-08 17:50,新潟市江南区,新潟市江南区鐘木
37.920117,139.132422,軽傷,2026-05-11 08:16,新潟市東区,新潟市東区柳ケ丘
37.933414,139.100011,軽傷,2026-05-11 12:34,新潟市東区,新潟市東区河渡本町
37.915425,139.085997,軽傷,2026-05-12 09:54,新潟市東区,新潟市東区中山６丁目
37.872078,139.094722,軽傷,2026-05-12 19:05,新潟市江南区,新潟市江南区鵜ノ子１丁目
37.874778,139.031564,軽傷,2026-05-13 16:24,新潟市江南区,新潟市江南区太右エ門新田
37.899444,139.086075,軽傷,2026-05-14 16:20,新潟市東区,新潟市東区東明２－１０－１セブンイレブン新潟東明２丁目
37.783492,139.111531,軽傷,2026-05-15 15:30,新潟市秋葉区,新潟市秋葉区程島
37.920925,139.106669,軽傷,2026-05-16 09:50,新潟市東区,新潟市東区上木戸５丁目
37.906328,139.094003,軽傷,2026-05-16 10:52,新潟市東区,新潟市東区卸新町３丁目
37.908628,139.100664,軽傷,2026-05-17 11:56,新潟市東区,新潟市東区下場
37.868700,139.083050,軽傷,2026-05-17 15:30,新潟市江南区,新潟市江南区東早通２丁目
37.794247,139.112428,軽傷,2026-05-20 09:40,新潟市秋葉区,新潟市秋葉区古田１丁目
37.925197,139.123933,軽傷,2026-05-20 11:40,新潟市東区,新潟市東区海老ケ瀬
37.833075,139.096719,軽傷,2026-05-20 12:05,新潟市秋葉区,新潟市秋葉区車場
37.903394,139.112611,軽傷,2026-05-20 13:16,新潟市東区,新潟市東区東中野山４丁目
37.841992,139.078519,重傷,2026-05-20 19:47,新潟市江南区,新潟市江南区嘉瀬
37.800236,139.120117,軽傷,2026-05-22 18:17,新潟市秋葉区,新潟市秋葉区新津本町１丁目
37.856453,139.103244,軽傷,2026-05-23 10:18,新潟市江南区,新潟市江南区茅野山１丁目
37.866961,139.124397,軽傷,2026-05-23 18:11,新潟市江南区,新潟市江南区砂岡
37.946175,139.108069,軽傷,2026-05-26 20:17,新潟市東区,新潟市東区幸栄３丁目
37.867739,139.083883,軽傷,2026-05-28 07:40,新潟市江南区,新潟市江南区東早通１丁目
37.841978,139.095825,軽傷,2026-05-30 11:20,新潟市江南区,新潟市江南区割野
37.806397,139.118508,軽傷,2026-05-31 17:18,新潟市秋葉区,新潟市秋葉区美善２丁目
37.786111,139.122703,軽傷,2026-06-01 10:45,新潟市秋葉区,新潟市秋葉区田家２丁目
37.936019,139.092381,軽傷,2026-06-01 17:20,新潟市東区,新潟市東区藤見町１丁目
37.757281,139.067742,軽傷,2026-06-02 16:36,新潟市秋葉区,新潟市秋葉区小須戸
37.841919,139.120631,軽傷,2026-06-02 17:46,新潟市江南区,新潟市江南区二本木１丁目
37.924572,139.098442,軽傷,2026-06-02 21:16,新潟市東区,新潟市東区上木戸１丁目
37.935642,139.124161,軽傷,2026-06-04 21:10,新潟市東区,新潟市東区木工新町
37.897697,139.112419,軽傷,2026-06-05 10:35,新潟市東区,新潟市東区若葉町１丁目
37.866036,139.139450,軽傷,2026-06-06 17:05,新潟市江南区,新潟市江南区駒込
37.908664,139.100742,軽傷,2026-06-06 20:43,新潟市東区,新潟市東区下場
37.912894,139.097622,軽傷,2026-06-07 09:06,新潟市東区,新潟市東区竹尾１丁目
37.850519,139.143528,軽傷,2026-06-07 11:00,新潟市江南区,新潟市江南区横越中央８丁目
37.806542,139.116825,軽傷,2026-06-08 08:44,新潟市秋葉区,新潟市秋葉区美善２丁目
37.867956,139.083469,軽傷,2026-06-08 22:52,新潟市江南区,新潟市江南区東早通１丁目
37.799622,139.118017,重傷,2026-06-10 07:53,新潟市秋葉区,新潟市秋葉区美幸町１丁目
37.918892,139.095536,軽傷,2026-06-11 13:26,新潟市東区,新潟市東区牡丹山５丁目
37.937578,139.109700,重傷,2026-06-11 17:53,新潟市東区,新潟市東区白銀１丁目
37.781989,139.114944,軽傷,2026-06-12 17:10,新潟市秋葉区,新潟市秋葉区中村
37.905169,139.103039,軽傷,2026-06-13 14:55,新潟市東区,新潟市東区中野山３丁目
37.803169,139.102575,軽傷,2026-06-15 09:55,新潟市秋葉区,新潟市秋葉区大鹿
37.918267,139.096269,軽傷,2026-06-15 15:04,新潟市東区,新潟市東区牡丹山６丁目
37.904453,139.080183,軽傷,2026-06-15 17:45,新潟市東区,新潟市東区紫竹５丁目
37.872183,139.096244,軽傷,2026-06-15 17:55,新潟市江南区,新潟市江南区亀田四ツ興野２丁目
37.800783,139.095750,重傷,2026-06-16 12:49,新潟市秋葉区,新潟市秋葉区栗宮
37.923317,139.122436,軽傷,2026-06-18 08:08,新潟市東区,新潟市東区大形本町５丁目
37.871747,139.118842,重傷,2026-06-18 14:31,新潟市江南区,新潟市江南区北山
37.876906,139.107522,重傷,2026-06-18 16:21,新潟市江南区,新潟市江南区東船場１丁目
37.914764,139.102061,軽傷,2026-06-19 20:10,新潟市東区,新潟市東区はなみずき１丁目
37.860581,139.049831,軽傷,2026-06-21 16:31,新潟市江南区,新潟市江南区曽川甲
37.877544,139.082636,重傷,2026-06-22 12:55,新潟市江南区,新潟市江南区下早通柳田１丁目
37.923331,139.089236,軽傷,2026-06-23 07:59,新潟市東区,新潟市東区山木戸７丁目
37.921311,139.091169,軽傷,2026-06-23 17:20,新潟市東区,新潟市東区牡丹山２丁目
37.857961,139.097925,軽傷,2026-06-23 17:40,新潟市江南区,新潟市江南区茅野山３丁目
37.944639,139.113503,軽傷,2026-06-24 15:35,新潟市東区,新潟市東区太平２丁目
37.850653,139.121367,軽傷,2026-06-24 17:23,新潟市江南区,新潟市江南区城所
37.911569,139.096061,重傷,2026-06-25 03:25,新潟市東区,新潟市東区竹尾
37.900981,139.080969,軽傷,2026-06-26 17:50,新潟市東区,新潟市東区江南２丁目
37.924950,139.101831,軽傷,2026-06-27 18:33,新潟市東区,新潟市東区上木戸１丁目
37.919617,139.093622,軽傷,2026-06-29 14:00,新潟市東区,新潟市東区牡丹山５丁目
37.901367,139.106217,重傷,2026-06-29 16:02,新潟市東区,新潟市東区中野山５丁目
37.874069,139.104283,軽傷,2026-06-29 16:10,新潟市江南区,新潟市江南区西町３丁目
37.919636,139.097503,軽傷,2026-06-30 12:33,新潟市東区,新潟市東区牡丹山５丁目
37.901642,139.106800,軽傷,2026-06-30 16:49,新潟市東区,新潟市東区中野山７丁目
37.920097,139.122886,軽傷,2026-07-01 07:20,新潟市東区,新潟市東区大形本町５丁目
37.799025,139.127667,軽傷,2026-07-01 12:30,新潟市秋葉区,新潟市秋葉区新町１丁目
37.946678,139.100986,重傷,2026-07-01 23:09,新潟市東区,新潟市東区幸栄２丁目
37.855469,139.044794,重傷,2026-07-03 02:21,新潟市江南区,新潟市江南区曽川甲
37.751161,139.087461,重傷,2026-07-03 09:30,新潟市秋葉区,新潟市秋葉区矢代田
37.932150,139.140281,重傷,2026-07-04 14:28,新潟市東区,新潟市東区一日市
37.804667,139.142969,軽傷,2026-07-04 16:03,新潟市秋葉区,新潟市秋葉区新津東町３丁目
37.926831,139.122425,軽傷,2026-07-04 20:10,新潟市東区,新潟市東区海老ケ瀬
37.796994,139.114450,死亡,2026-07-05 13:40,新潟市秋葉区,新潟市秋葉区山谷町２丁目
37.920606,139.096261,軽傷,2026-07-06 13:00,新潟市東区,新潟市東区牡丹山４丁目
37.899764,139.104442,軽傷,2026-07-07 11:58,新潟市東区,新潟市東区中野山６丁目
37.931050,139.134831,軽傷,2026-07-09 15:00,新潟市東区,新潟市東区一日市
37.944583,139.113411,軽傷,2026-07-10 07:55,新潟市東区,新潟市東区太平３丁目
37.842331,139.051975,軽傷,2026-07-10 12:55,新潟市江南区,新潟市江南区和田
37.811017,139.118614,軽傷,2026-07-11 12:27,新潟市秋葉区,新潟市秋葉区北上１丁目
37.857989,139.142014,軽傷,2026-07-12 11:23,新潟市江南区,新潟市江南区いぶき野２丁目
37.753047,139.098278,軽傷,2026-07-13 18:40,新潟市秋葉区,新潟市秋葉区矢代田
37.892628,139.107086,軽傷,2026-07-15 09:30,新潟市江南区,新潟市江南区粟山
37.923750,139.102508,軽傷,2026-07-15 18:45,新潟市東区,新潟市東区上木戸３丁目
37.902836,139.077989,軽傷,2026-07-16 07:20,新潟市東区,新潟市東区紫竹５丁目
37.875658,139.111603,軽傷,2026-07-17 18:35,新潟市江南区,新潟市江南区諏訪１丁目
37.896428,139.111347,軽傷,2026-07-18 09:22,新潟市東区,新潟市東区若葉町１丁目
37.914817,139.085111,軽傷,2026-07-20 10:16,新潟市東区,新潟市東区中山６丁目
37.792847,139.104156,軽傷,2026-07-22 09:50,新潟市秋葉区,新潟市秋葉区古田２丁目
37.870856,139.091533,重傷,2026-07-27 01:14,新潟市江南区,新潟市江南区早苗２丁目
